Date,Price,Open,High,Low,Vol.,Change %
25-May-21,1899.90,1877.95,1901.15,1873.30,-,1.16%
24-May-21,1878.05,1884.00,1887.80,1875.65,-,-0.32%
23-May-21,1884.15,1882.55,1884.50,1880.90,-,0.12%
21-May-21,1881.85,1874.30,1890.15,1870.30,-,0.40%
20-May-21,1874.35,1866.05,1884.50,1864.25,-,0.44%
19-May-21,1866.20,1870.30,1891.25,1852.50,-,-0.23%
18-May-21,1870.50,1869.35,1875.85,1863.75,-,0.05%
17-May-21,1869.55,1847.20,1869.75,1844.00,-,1.21%
16-May-21,1847.25,1844.05,1848.70,1842.80,-,0.18%
14-May-21,1843.85,1825.35,1845.40,1819.45,-,1.02%
13-May-21,1825.25,1817.25,1828.75,1808.45,-,0.43%
12-May-21,1817.50,1836.25,1844.65,1813.10,-,-1.02%
11-May-21,1836.15,1836.75,1842.45,1818.05,-,-0.04%
10-May-21,1836.85,1836.90,1846.15,1830.60,-,0.00%
9-May-21,1836.90,1832.10,1837.45,1832.10,-,0.27%
7-May-21,1831.95,1815.05,1844.40,1813.45,-,0.93%
6-May-21,1815.15,1785.25,1818.25,1781.90,-,1.68%
5-May-21,1785.15,1778.10,1788.10,1769.55,-,0.39%
4-May-21,1778.25,1792.30,1798.95,1770.35,-,-0.78%
3-May-21,1792.25,1768.40,1798.30,1766.75,-,1.35%
2-May-21,1768.45,1769.35,1769.40,1765.70,-,-0.01%
30-Apr-21,1768.60,1772.85,1772.85,1763.40,-,-0.24%
29-Apr-21,1772.85,1783.80,1789.85,1754.85,-,-0.02%
28-Apr-21,1773.20,1768.20,1774.00,1764.60,0.14K,-0.27%
27-Apr-21,1778.00,1780.00,1782.00,1777.70,0.12K,-0.07%
26-Apr-21,1779.20,1778.00,1779.70,1770.80,0.55K,0.12%
23-Apr-21,1777.00,1786.10,1794.50,1772.00,0.33K,-0.24%
22-Apr-21,1781.20,1794.20,1794.20,1779.50,0.16K,-0.62%
21-Apr-21,1792.30,1783.00,1794.10,1777.70,0.25K,0.84%
20-Apr-21,1777.30,1769.30,1776.30,1765.50,1.46K,0.45%
19-Apr-21,1769.40,1782.10,1788.50,1771.40,0.14K,-0.54%
16-Apr-21,1779.00,1770.40,1779.50,1770.10,0.63K,0.77%
15-Apr-21,1765.40,1740.10,1767.90,1740.10,0.37K,1.76%
14-Apr-21,1734.90,1741.30,1745.90,1732.70,1.04K,-0.65%
13-Apr-21,1746.20,1733.80,1746.90,1722.10,0.37K,0.87%
12-Apr-21,1731.20,1740.80,1740.80,1726.70,0.04K,-0.69%
9-Apr-21,1743.30,1750.80,1750.80,1733.30,0.48K,-0.77%
8-Apr-21,1756.80,1736.00,1758.00,1734.60,1.30K,0.96%
7-Apr-21,1740.10,1742.70,1742.70,1733.70,0.56K,-0.08%
6-Apr-21,1741.50,1726.90,1744.80,1726.90,0.89K,0.84%
5-Apr-21,1727.00,1727.90,1729.70,1721.90,0.28K,0.03%
1-Apr-21,1726.50,1706.80,1728.80,1706.40,0.72K,0.74%
31-Mar-21,1713.80,1683.70,1712.80,1676.50,0.76K,1.78%
30-Mar-21,1683.90,1711.00,1712.60,1676.50,25.32K,-1.65%
29-Mar-21,1712.20,1731.50,1732.60,1703.30,135.46K,-1.16%
26-Mar-21,1732.30,1725.50,1735.50,1718.80,172.94K,0.42%
25-Mar-21,1725.10,1733.20,1744.80,1720.30,226.21K,-0.47%
24-Mar-21,1733.20,1725.90,1737.70,1722.30,186.52K,0.47%
23-Mar-21,1725.10,1738.50,1742.00,1722.70,226.20K,-0.75%
22-Mar-21,1738.10,1745.60,1747.00,1726.40,196.31K,-0.21%
19-Mar-21,1741.70,1733.70,1746.10,1727.10,213.28K,0.53%
18-Mar-21,1732.50,1744.00,1754.20,1716.60,251.76K,0.31%
17-Mar-21,1727.10,1730.00,1750.60,1722.00,220.55K,-0.22%
16-Mar-21,1730.90,1730.70,1740.50,1724.40,173.89K,0.10%
15-Mar-21,1729.20,1726.50,1733.20,1719.20,163.05K,0.55%
12-Mar-21,1719.80,1720.50,1728.00,1696.60,232.21K,-0.16%
11-Mar-21,1722.60,1725.00,1738.00,1716.80,215.34K,0.05%
10-Mar-21,1721.80,1714.50,1725.30,1705.60,226.89K,0.29%
9-Mar-21,1716.90,1679.30,1718.70,1676.70,248.95K,2.32%
8-Mar-21,1678.00,1701.60,1712.00,1673.30,273.91K,-1.21%
5-Mar-21,1698.50,1695.30,1705.70,1683.00,269.33K,-0.13%
4-Mar-21,1700.70,1708.40,1721.60,1687.60,277.45K,-0.88%
3-Mar-21,1715.80,1736.50,1739.10,1699.40,255.65K,-1.03%
2-Mar-21,1733.60,1722.80,1737.80,1704.60,235.96K,0.62%
1-Mar-21,1723.00,1732.80,1757.40,1717.20,241.92K,-0.34%
26-Feb-21,1728.80,1770.90,1773.80,1714.90,362.55K,-2.62%
25-Feb-21,1775.40,1804.90,1805.00,1763.90,316.25K,-1.25%
24-Feb-21,1797.90,1805.00,1813.00,1782.20,224.06K,-0.44%
23-Feb-21,1805.90,1809.30,1815.20,1794.50,191.15K,-0.14%
22-Feb-21,1808.40,1782.00,1812.40,1778.60,221.20K,1.74%
19-Feb-21,1777.40,1774.60,1790.90,1759.00,251.78K,0.14%
18-Feb-21,1775.00,1776.00,1788.80,1766.60,224.77K,0.12%
17-Feb-21,1772.80,1793.10,1794.20,1767.90,257.34K,-1.46%
16-Feb-21,1799.00,1826.00,1827.10,1788.10,355.92K,-1.09%
15-Feb-21,1818.75,1820.90,1827.00,1815.60,-,-0.13%
14-Feb-21,1821.05,1822.45,1826.30,1820.15,-,-0.12%
12-Feb-21,1823.20,1825.40,1831.50,1810.10,171.90K,-0.20%
11-Feb-21,1826.80,1844.30,1848.60,1821.70,147.02K,-0.86%
10-Feb-21,1842.70,1838.30,1856.60,1834.00,176.44K,0.28%
9-Feb-21,1837.50,1832.40,1849.50,1830.30,154.39K,0.18%
8-Feb-21,1834.20,1818.10,1840.60,1807.30,177.56K,1.17%
5-Feb-21,1813.00,1794.30,1816.00,1792.20,205.76K,1.22%
4-Feb-21,1791.20,1834.50,1835.70,1784.60,279.62K,-2.39%
3-Feb-21,1835.10,1838.50,1845.90,1830.10,137.23K,0.09%
2-Feb-21,1833.40,1863.60,1866.30,1830.40,236.00K,-1.64%
1-Feb-21,1863.90,1865.00,1876.00,1851.70,242.05K,0.74%
29-Jan-21,1850.30,1845.60,1878.90,1841.20,276.17K,0.49%
28-Jan-21,1841.20,1847.20,1867.00,1835.60,277.59K,-0.42%
27-Jan-21,1848.90,1854.30,1855.70,1832.40,174.14K,-0.32%
26-Jan-21,1854.80,1858.70,1864.50,1851.10,91.25K,-0.23%
25-Jan-21,1859.00,1858.60,1870.90,1850.00,89.52K,-0.05%
22-Jan-21,1859.90,1874.00,1874.10,1839.70,77.97K,-0.50%
21-Jan-21,1869.30,1875.60,1878.10,1861.20,48.23K,-0.05%
20-Jan-21,1870.20,1843.20,1875.60,1834.80,52.60K,1.42%
19-Jan-21,1844.00,1832.30,1848.40,1804.70,90.42K,0.40%
18-Jan-21,1836.60,1809.65,1839.45,1809.65,-,1.48%
17-Jan-21,1809.75,1826.80,1829.10,1803.60,-,-1.31%
15-Jan-21,1833.70,1850.40,1860.20,1826.10,40.61K,-1.17%
14-Jan-21,1855.40,1849.40,1861.10,1830.40,73.07K,-0.18%
13-Jan-21,1858.80,1858.60,1866.50,1845.70,70.54K,0.57%
12-Jan-21,1848.20,1850.70,1867.80,1840.00,51.42K,-0.36%
11-Jan-21,1854.90,1852.90,1860.00,1821.30,54.96K,0.83%
8-Jan-21,1839.70,1921.60,1922.30,1832.00,56.15K,-4.08%
7-Jan-21,1918.00,1925.90,1933.80,1912.20,10.63K,0.26%
6-Jan-21,1913.00,1958.30,1966.80,1907.20,25.53K,-2.34%
5-Jan-21,1958.80,1950.70,1961.00,1942.80,12.67K,0.39%
4-Jan-21,1951.10,1912.50,1953.00,1911.30,16.79K,2.60%
1-Jan-21,1901.60,1901.60,1901.60,1901.60,-,0.11%
31-Dec-20,1899.60,1903.00,1909.20,1893.80,5.35K,0.09%
30-Dec-20,1897.80,1886.50,1903.00,1884.30,3.35K,0.56%
29-Dec-20,1887.30,1882.10,1895.20,1880.10,4.37K,0.13%
28-Dec-20,1884.80,1890.90,1908.00,1877.20,3.94K,-0.14%
24-Dec-20,1887.40,1881.80,1890.00,1877.30,2.57K,0.27%
23-Dec-20,1882.30,1869.40,1887.50,1865.80,2.30K,0.42%
22-Dec-20,1874.50,1886.90,1893.30,1868.00,4.15K,-0.66%
21-Dec-20,1887.00,1896.80,1915.40,1863.30,3.96K,-0.32%
18-Dec-20,1893.00,1894.80,1899.40,1886.20,2.55K,-0.08%
17-Dec-20,1894.50,1871.60,1906.00,1870.50,5.68K,1.69%
16-Dec-20,1863.00,1861.50,1873.60,1852.60,4.18K,0.19%
15-Dec-20,1859.40,1835.50,1863.00,1834.20,3.22K,1.27%
14-Dec-20,1836.10,1849.00,1849.00,1825.00,3.68K,-0.62%
11-Dec-20,1847.60,1844.60,1855.80,1831.00,4.30K,0.33%
10-Dec-20,1841.50,1847.50,1857.90,1836.60,4.64K,-0.06%
9-Dec-20,1842.60,1879.10,1879.10,1832.40,5.56K,-1.94%
8-Dec-20,1879.10,1869.80,1883.70,1868.20,4.14K,0.48%
7-Dec-20,1870.10,1846.70,1876.90,1829.20,8.07K,1.42%
4-Dec-20,1844.00,1847.90,1856.20,1836.10,4.88K,-0.04%
3-Dec-20,1844.70,1837.00,1850.70,1830.50,4.06K,0.59%
2-Dec-20,1833.90,1823.00,1839.20,1814.80,7.07K,0.61%
1-Dec-20,1822.80,1784.10,1824.70,1783.30,4.19K,2.13%
30-Nov-20,1784.80,1795.00,1797.00,1771.30,3.74K,-0.41%
27-Nov-20,1792.10,1816.70,1826.00,1781.20,7.72K,-0.82%
26-Nov-20,1807.00,1806.25,1816.80,1804.20,-,-0.45%
25-Nov-20,1815.10,1816.00,1825.10,1809.00,3.79K,0.01%
24-Nov-20,1815.00,1846.00,1846.60,1807.60,16.97K,-1.80%
23-Nov-20,1848.20,1878.90,1884.00,1838.50,8.09K,-1.82%
20-Nov-20,1882.40,1872.00,1888.80,1869.60,3.94K,0.60%
19-Nov-20,1871.10,1877.30,1879.40,1860.00,4.82K,-0.64%
18-Nov-20,1883.20,1892.10,1894.00,1870.40,4.66K,-0.66%
17-Nov-20,1895.80,1898.60,1902.90,1888.70,6.58K,-0.17%
16-Nov-20,1899.00,1900.60,1907.70,1874.30,3.58K,0.04%
13-Nov-20,1898.30,1886.80,1906.60,1886.00,3.65K,0.68%
12-Nov-20,1885.40,1878.60,1894.00,1872.80,5.42K,0.65%
11-Nov-20,1873.20,1890.40,1893.30,1866.10,7.57K,-0.81%
10-Nov-20,1888.50,1874.40,1900.00,1872.60,11.77K,1.18%
9-Nov-20,1866.40,1969.20,1978.20,1859.60,12.53K,-5.02%
6-Nov-20,1965.00,1961.60,1974.50,1950.10,6.17K,0.28%
5-Nov-20,1959.50,1916.40,1966.90,1916.40,8.26K,2.67%
4-Nov-20,1908.50,1926.80,1926.80,1894.80,5.84K,-0.72%
3-Nov-20,1922.40,1907.00,1924.00,1902.70,2.85K,0.92%
2-Nov-20,1904.80,1891.30,1908.30,1887.70,3.32K,0.66%
30-Oct-20,1892.40,1878.20,1903.00,1878.20,2.56K,0.63%
29-Oct-20,1880.50,1890.10,1897.40,1872.90,1.79K,-0.61%
28-Oct-20,1892.10,1921.20,1924.60,1882.00,1.40K,-1.70%
27-Oct-20,1924.90,1917.30,1926.40,1914.00,2.03K,0.31%
26-Oct-20,1919.00,1918.10,1924.10,1907.40,0.90K,0.03%
23-Oct-20,1918.50,1921.70,1930.50,1909.20,0.93K,0.04%
22-Oct-20,1917.80,1940.50,1940.50,1907.60,3.04K,-1.27%
21-Oct-20,1942.50,1925.10,1948.60,1925.10,2.51K,0.73%
20-Oct-20,1928.50,1919.20,1930.50,1911.00,1.27K,0.18%
19-Oct-20,1925.00,1918.30,1936.40,1916.60,2.12K,0.26%
16-Oct-20,1920.10,1926.90,1931.50,1915.20,1.80K,-0.13%
15-Oct-20,1922.60,1920.40,1926.60,1907.20,2.78K,0.07%
14-Oct-20,1921.20,1903.20,1930.80,1900.80,1.15K,0.68%
13-Oct-20,1908.20,1929.70,1940.20,1904.10,4.07K,-1.76%
12-Oct-20,1942.40,1950.00,1952.20,1937.20,2.74K,0.15%
9-Oct-20,1939.50,1913.20,1949.50,1913.20,3.65K,1.63%
8-Oct-20,1908.40,1902.80,1916.20,1899.00,4.42K,0.27%
7-Oct-20,1903.20,1894.50,1911.40,1890.00,4.30K,-0.93%
6-Oct-20,1921.00,1929.50,1936.90,1892.40,1.75K,-0.57%
5-Oct-20,1932.00,1921.00,1936.40,1903.50,1.07K,0.64%
2-Oct-20,1919.70,1912.20,1933.00,1910.00,0.92K,-0.46%
1-Oct-20,1928.60,1911.60,1930.00,1910.70,1.49K,1.09%
30-Sep-20,1907.80,1915.80,1920.00,1899.50,1.12K,-0.40%
29-Sep-20,1915.50,1896.00,1915.90,1895.20,2.34K,1.10%
28-Sep-20,1894.60,1877.50,1899.70,1863.30,0.74K,0.86%
25-Sep-20,1878.50,1885.50,1887.10,1867.20,0.71K,-0.53%
24-Sep-20,1888.50,1870.50,1891.00,1862.40,1.57K,0.43%
23-Sep-20,1880.40,1915.80,1920.20,1868.40,1.69K,-2.09%
22-Sep-20,1920.50,1933.20,1936.60,1916.00,0.51K,-0.14%
21-Sep-20,1923.10,1962.30,1973.90,1898.90,1.10K,-2.63%
18-Sep-20,1975.00,1974.00,1979.70,1964.80,0.33K,0.64%
17-Sep-20,1962.50,1971.60,1971.60,1950.80,0.75K,-1.05%
16-Sep-20,1983.40,1977.30,1996.80,1974.00,0.40K,0.21%
15-Sep-20,1979.30,1987.80,1995.20,1969.50,0.97K,0.13%
14-Sep-20,1976.80,1959.00,1985.10,1959.00,0.77K,0.83%
11-Sep-20,1960.60,1967.30,1971.40,1958.50,0.69K,-0.81%
10-Sep-20,1976.70,1967.40,1986.10,1962.90,0.74K,0.50%
9-Sep-20,1966.90,1950.20,1969.20,1938.60,0.79K,0.57%
8-Sep-20,1955.80,1954.00,1960.10,1924.90,1.51K,0.97%
7-Sep-20,1937.10,1940.70,1947.40,1930.45,-,-0.18%
6-Sep-20,1940.65,1941.90,1944.30,1937.65,-,-0.32%
4-Sep-20,1946.80,1951.30,1960.10,1933.90,0.56K,-0.16%
3-Sep-20,1950.00,1963.40,1965.60,1940.00,1.03K,-0.39%
2-Sep-20,1957.70,1991.80,1991.80,1951.60,2.27K,-1.70%
1-Sep-20,1991.60,2001.00,2010.80,1984.60,0.87K,0.01%
31-Aug-20,1991.40,1993.60,1994.90,1975.00,1.38K,0.27%
28-Aug-20,1986.10,1949.00,1992.20,1947.70,1.90K,2.10%
27-Aug-20,1945.20,1973.60,1998.00,1930.60,1.59K,-1.06%
26-Aug-20,1966.00,1949.60,1976.20,1922.40,0.70K,1.52%
25-Aug-20,1936.60,1952.30,1957.20,1933.80,0.83K,-0.87%
24-Aug-20,1953.50,1958.70,1983.20,1946.20,1.38K,-0.38%
21-Aug-20,1960.90,1974.50,1974.50,1933.20,0.81K,0.01%
20-Aug-20,1960.70,1954.70,1975.70,1941.60,1.57K,-1.16%
19-Aug-20,1983.70,2027.70,2028.70,1943.30,1.72K,-2.14%
18-Aug-20,2027.10,2010.60,2036.10,1999.50,1.52K,0.75%
17-Aug-20,2012.00,1971.60,2012.70,1965.60,3.05K,2.34%
14-Aug-20,1965.90,1984.40,1985.90,1957.40,0.94K,-1.06%
13-Aug-20,1987.00,1939.20,1991.00,1939.20,2.31K,1.11%
12-Aug-20,1965.20,1939.60,1975.70,1891.20,2.73K,0.07%
11-Aug-20,1963.90,2059.80,2059.80,1933.30,4.39K,-4.65%
10-Aug-20,2059.60,2059.00,2077.70,2048.00,2.80K,0.57%
7-Aug-20,2048.00,2100.30,2107.60,2046.70,3.72K,-1.98%
6-Aug-20,2089.40,2071.10,2101.10,2071.10,3.53K,1.01%
5-Aug-20,2068.60,2057.20,2087.60,2049.00,2.46K,1.41%
4-Aug-20,2039.80,2008.10,2056.40,2001.60,2.66K,1.74%
3-Aug-20,2005.00,2019.60,2025.60,1993.90,1.48K,0.02%
31-Jul-20,2004.60,1993.90,2022.40,1990.30,0.82K,0.98%
30-Jul-20,1985.20,2003.60,2003.60,1972.50,0.87K,-0.48%
29-Jul-20,1994.80,1992.30,2013.20,1974.00,0.80K,0.58%
28-Jul-20,1983.20,1986.80,2016.80,1960.00,1.16K,0.41%
27-Jul-20,1975.20,1949.50,1987.80,1949.50,3.44K,1.56%
24-Jul-20,1944.80,1931.10,1949.40,1928.90,0.70K,0.45%
23-Jul-20,1936.10,1916.00,1945.00,1911.50,1.19K,1.37%
22-Jul-20,1909.90,1885.70,1915.60,1885.40,1.24K,1.32%
21-Jul-20,1885.00,1856.80,1885.40,1856.80,0.52K,1.63%
20-Jul-20,1854.70,1852.90,1856.30,1852.90,0.24K,0.35%
17-Jul-20,1848.30,1840.60,1851.00,1840.10,0.37K,0.39%
16-Jul-20,1841.20,1857.80,1857.80,1838.80,0.57K,-0.83%
15-Jul-20,1856.70,1860.90,1860.90,1851.20,0.43K,-0.01%
14-Jul-20,1856.90,1851.40,1857.90,1843.00,0.68K,-0.12%
13-Jul-20,1859.10,1849.90,1862.20,1849.90,0.67K,0.68%
10-Jul-20,1846.50,1851.60,1859.20,1841.60,0.86K,-0.11%
9-Jul-20,1848.60,1868.30,1868.30,1847.00,0.55K,-0.92%
8-Jul-20,1865.70,1856.10,1869.80,1853.90,1.24K,0.99%
7-Jul-20,1847.50,1828.70,1847.50,1820.00,1.48K,1.10%
6-Jul-20,1827.40,1825.80,1828.60,1825.80,1.76K,2.23%
3-Jul-20,1787.60,1786.90,1788.70,1783.65,-,-1.91%
2-Jul-20,1822.40,1799.00,1821.30,1798.80,0.29K,0.57%
1-Jul-20,1812.10,1829.30,1829.30,1829.30,0.31K,-1.01%
30-Jun-20,1830.50,1820.00,1830.50,1820.00,0.20K,1.13%
29-Jun-20,1810.00,1817.60,1818.50,1813.50,0.40K,0.10%
26-Jun-20,1808.20,1788.50,1813.30,1785.30,0.29K,0.56%
25-Jun-20,1798.10,1795.00,1801.40,1792.10,0.11K,-0.23%
24-Jun-20,1802.30,1813.00,1814.50,1803.80,0.43K,-0.25%
23-Jun-20,1806.80,1799.10,1808.00,1799.10,0.23K,0.83%
22-Jun-20,1792.00,1787.00,1798.40,1783.10,0.39K,0.72%
19-Jun-20,1779.20,1771.60,1785.80,1771.60,0.58K,1.15%
18-Jun-20,1758.90,1752.90,1765.20,1739.60,0.39K,-0.32%
17-Jun-20,1764.50,1751.50,1756.80,1735.60,0.62K,-0.05%
16-Jun-20,1765.40,1763.60,1767.30,1763.60,0.43K,0.56%
15-Jun-20,1755.50,1760.50,1760.50,1760.50,0.50K,-0.56%
12-Jun-20,1765.30,1768.40,1768.50,1765.30,0.43K,-0.16%
11-Jun-20,1768.20,1777.70,1777.70,1758.90,0.83K,1.05%
10-Jun-20,1749.80,1752.00,1759.10,1749.90,0.22K,-0.07%
9-Jun-20,1751.10,1747.90,1750.00,1747.90,0.26K,0.96%
8-Jun-20,1734.50,1718.90,1734.50,1718.90,0.41K,1.30%
5-Jun-20,1712.20,1741.70,1741.70,1704.60,1.09K,-2.51%
4-Jun-20,1756.20,1747.60,1752.00,1747.60,0.84K,1.50%
3-Jun-20,1730.20,1751.80,1751.80,1718.00,1.29K,-1.49%
2-Jun-20,1756.40,1773.00,1774.50,1751.00,0.54K,-0.80%
1-Jun-20,1770.50,1775.50,1775.50,1772.80,0.38K,-0.07%
29-May-20,1771.70,1748.20,1771.50,1748.20,0.78K,1.34%
28-May-20,1748.20,1748.80,1757.30,1748.80,0.46K,0.17%
27-May-20,1745.30,1743.80,1746.00,1722.70,0.58K,0.02%
26-May-20,1744.90,1760.90,1765.00,1739.80,0.43K,1.04%
25-May-20,1727.00,1730.55,1731.35,1719.25,-,-0.21%
24-May-20,1730.65,1735.45,1735.90,1729.80,-,-2.20%
22-May-20,1769.50,1772.10,1772.10,1768.50,1.89K,0.85%
21-May-20,1754.60,1780.10,1780.10,1753.60,1.96K,-1.75%
20-May-20,1785.80,1784.70,1789.80,1778.30,0.47K,0.43%
19-May-20,1778.20,1772.20,1772.20,1772.20,0.04K,0.73%
18-May-20,1765.30,1794.00,1794.00,1767.70,0.06K,-0.96%
15-May-20,1782.50,1776.20,1781.50,1776.20,0.45K,0.89%
14-May-20,1766.70,1747.10,1747.10,1747.10,0.15K,1.40%
13-May-20,1742.30,1742.70,1746.50,1742.70,0.10K,0.50%
12-May-20,1733.70,1733.20,1734.50,1731.90,0.01K,0.41%
11-May-20,1726.70,1727.70,1734.20,1714.20,0.01K,-0.87%
8-May-20,1741.90,1747.80,1747.80,1747.80,0.17K,-0.53%
7-May-20,1751.10,1718.90,1722.80,1718.50,0.33K,2.29%
6-May-20,1711.90,1728.40,1728.40,1713.00,0.16K,-1.31%
5-May-20,1734.60,1725.80,1739.10,1725.80,0.40K,0.05%
4-May-20,1733.70,1730.00,1737.30,1730.00,0.26K,1.06%
1-May-20,1715.60,1705.70,1723.10,1688.00,0.12K,0.46%
30-Apr-20,1707.70,1706.40,1706.40,1706.40,0.05K,-0.99%
29-Apr-20,1724.80,1730.50,1730.50,1728.80,0.03K,-0.48%
28-Apr-20,1733.20,1731.80,1740.00,1712.70,3.06K,-0.01%
27-Apr-20,1733.30,1746.70,1753.00,1726.80,0.13K,-0.59%
24-Apr-20,1743.60,1758.10,1765.00,1745.00,0.06K,-0.51%
23-Apr-20,1752.50,1754.50,1757.30,1754.50,0.03K,0.46%
22-Apr-20,1744.50,1732.30,1745.50,1732.30,0.26K,3.04%
21-Apr-20,1693.10,1722.20,1722.20,1679.60,0.08K,-1.35%
20-Apr-20,1716.20,1714.10,1714.10,1713.90,0.14K,0.73%
17-Apr-20,1703.80,1714.50,1714.50,1705.10,0.11K,-1.95%
16-Apr-20,1737.60,1744.00,1771.20,1727.60,0.24K,-0.50%
15-Apr-20,1746.40,1760.70,1762.70,1736.40,0.20K,-1.43%
14-Apr-20,1771.70,1767.90,1789.80,1762.70,0.04K,0.50%
13-Apr-20,1762.80,1732.50,1758.00,1732.50,0.03K,1.28%
10-Apr-20,1740.60,1740.60,1740.60,1740.60,-,-0.74%
9-Apr-20,1753.60,1733.30,1733.30,1733.30,0.04K,4.15%
8-Apr-20,1683.80,1690.10,1690.10,1690.10,0.02K,0.04%
7-Apr-20,1683.20,1688.80,1688.80,1688.80,0.07K,-0.62%
6-Apr-20,1693.70,1685.30,1688.60,1685.30,0.11K,2.80%
3-Apr-20,1647.60,1639.00,1651.50,1625.30,0.14K,0.45%
2-Apr-20,1640.20,1636.40,1636.40,1636.40,0.29K,2.87%
1-Apr-20,1594.50,1594.40,1594.40,1594.40,0.18K,-0.32%
31-Mar-20,1599.60,1625.30,1625.30,1625.30,0.06K,-2.82%
30-Mar-20,1646.00,1646.90,1646.90,1646.90,0.10K,-0.71%
27-Mar-20,1657.70,1647.10,1647.10,1647.10,0.27K,-0.44%
26-Mar-20,1665.00,1674.30,1674.30,1659.40,0.01K,1.79%
25-Mar-20,1635.70,1650.90,1656.60,1650.50,0.06K,-1.81%
24-Mar-20,1665.90,1594.60,1653.50,1594.60,0.15K,5.10%
23-Mar-20,1585.00,1514.60,1572.80,1502.60,0.16K,5.80%
20-Mar-20,1498.10,1515.80,1515.80,1515.80,0.21K,0.30%
19-Mar-20,1493.60,1496.60,1508.00,1476.90,0.01K,0.17%
18-Mar-20,1491.00,1520.60,1520.60,1502.30,0.32K,-3.05%
17-Mar-20,1537.90,1504.50,1561.50,1476.30,0.01K,2.75%
16-Mar-20,1496.80,1467.10,1467.10,1467.00,0.19K,-2.05%
13-Mar-20,1528.20,1591.00,1591.00,1529.30,0.10K,-4.62%
12-Mar-20,1602.30,1654.30,1654.30,1581.50,0.01K,-3.13%
11-Mar-20,1654.10,1670.00,1670.00,1653.10,0.03K,-1.09%
10-Mar-20,1672.40,1675.90,1675.90,1662.10,0.19K,-0.88%
9-Mar-20,1687.30,1709.90,1710.10,1672.90,0.13K,0.02%
6-Mar-20,1687.00,1696.00,1703.60,1686.30,0.07K,0.11%
5-Mar-20,1685.10,1655.70,1671.00,1655.20,0.18K,1.43%
4-Mar-20,1661.40,1664.20,1664.50,1664.20,0.22K,-0.16%
3-Mar-20,1664.10,1606.50,1663.80,1606.50,0.06K,3.05%
2-Mar-20,1614.80,1602.50,1624.30,1600.20,0.25K,1.58%
28-Feb-20,1589.70,1595.20,1617.80,1595.20,0.56K,-4.75%
27-Feb-20,1669.00,1679.00,1684.40,1670.00,0.13K,-0.11%
26-Feb-20,1670.80,1677.60,1677.60,1677.60,0.02K,-0.47%
25-Feb-20,1678.70,1681.00,1683.60,1681.00,0.54K,-1.58%
24-Feb-20,1705.70,1707.40,1707.40,1707.40,0.91K,1.65%
21-Feb-20,1678.00,1672.30,1678.10,1672.30,0.08K,1.71%
20-Feb-20,1649.80,1641.40,1651.90,1641.40,0.12K,0.52%
19-Feb-20,1641.20,1639.80,1641.40,1636.20,0.04K,0.51%
18-Feb-20,1632.80,1617.30,1634.80,1617.30,0.07K,2.88%
17-Feb-20,1587.05,1586.15,1588.45,1581.85,-,0.05%
16-Feb-20,1586.25,1585.50,1586.25,1583.45,-,-1.83%
14-Feb-20,1615.90,1601.00,1608.40,1597.30,0.03K,0.44%
13-Feb-20,1608.80,1607.90,1608.10,1607.90,0.00K,0.46%
12-Feb-20,1601.50,1590.80,1593.90,1587.50,2.05K,0.06%
11-Feb-20,1600.50,1606.70,1606.90,1606.70,0.00K,-0.58%
10-Feb-20,1609.90,1606.70,1606.70,1606.70,0.00K,0.34%
7-Feb-20,1604.50,1591.00,1598.30,1588.40,0.00K,0.21%
6-Feb-20,1601.20,1580.70,1592.40,1579.30,0.07K,0.45%
5-Feb-20,1594.00,1579.40,1587.00,1573.00,2.05K,0.45%
4-Feb-20,1586.80,1602.30,1602.30,1576.00,0.03K,-1.62%
3-Feb-20,1612.90,1606.00,1606.00,1606.00,0.00K,-0.32%
31-Jan-20,1618.00,1599.70,1615.30,1597.70,0.00K,-0.07%
30-Jan-20,1619.20,1601.60,1612.00,1599.00,0.03K,0.78%
29-Jan-20,1606.60,1594.50,1603.60,1589.30,0.03K,0.08%
28-Jan-20,1605.30,1606.70,1607.10,1593.40,10.91K,-0.47%
27-Jan-20,1612.90,1616.80,1617.80,1616.80,0.00K,0.34%
24-Jan-20,1607.50,1595.00,1609.50,1595.00,0.05K,0.44%
23-Jan-20,1600.40,1585.00,1593.50,1580.10,1.75K,0.54%
22-Jan-20,1591.80,1583.10,1585.50,1577.60,0.07K,-0.08%
21-Jan-20,1593.10,1594.80,1594.80,1594.80,0.00K,2.04%
20-Jan-20,1561.25,1557.20,1562.70,1556.65,-,0.27%
19-Jan-20,1557.05,1557.40,1559.05,1556.45,-,-2.41%
17-Jan-20,1595.50,1578.60,1588.00,1577.10,1.54K,0.66%
16-Jan-20,1585.10,1580.40,1583.40,1575.00,0.03K,-0.23%
15-Jan-20,1588.70,1587.80,1587.80,1587.80,0.00K,0.58%
14-Jan-20,1579.60,1573.20,1573.90,1563.40,1.76K,-0.39%
13-Jan-20,1585.80,1586.80,1586.80,1574.90,2.70K,-0.60%
10-Jan-20,1595.40,1577.60,1589.60,1574.10,0.11K,0.35%
9-Jan-20,1589.90,1583.00,1587.50,1570.20,1.43K,-0.36%
8-Jan-20,1595.70,1612.60,1638.40,1612.60,0.02K,-0.93%
7-Jan-20,1610.60,1602.60,1602.60,1602.60,0.07K,0.34%
6-Jan-20,1605.20,1608.20,1612.40,1600.30,0.01K,1.06%
3-Jan-20,1588.30,1591.00,1592.10,1588.60,0.41K,1.55%
2-Jan-20,1564.00,1548.70,1559.50,1548.20,1.25K,2.83%
1-Jan-20,1520.95,1520.85,1523.95,1520.85,-,-2.47%
31-Dec-19,1559.50,1546.70,1555.00,1546.40,0.67K,0.33%
30-Dec-19,1554.30,1543.90,1545.50,1540.10,0.46K,0.07%
27-Dec-19,1553.20,1540.70,1545.00,1540.00,0.29K,0.26%
26-Dec-19,1549.10,1544.20,1544.20,1544.20,0.00K,3.00%
25-Dec-19,1504.05,1504.40,1504.40,1502.15,-,-2.29%
24-Dec-19,1539.30,1518.60,1530.10,1518.60,0.45K,1.06%
23-Dec-19,1523.20,1510.70,1514.90,1510.70,0.39K,0.53%
20-Dec-19,1515.10,1515.80,1515.80,1515.80,0.00K,-0.23%
19-Dec-19,1518.60,1505.40,1510.40,1503.50,0.57K,0.37%
18-Dec-19,1513.00,1506.40,1508.50,1501.70,1.56K,-0.16%
17-Dec-19,1515.50,1505.80,1510.00,1505.00,0.21K,0.01%
16-Dec-19,1515.30,1505.40,1509.40,1503.90,0.42K,0.01%
13-Dec-19,1515.20,1493.00,1507.90,1493.00,0.47K,0.62%
12-Dec-19,1505.80,1511.20,1514.00,1494.10,0.17K,-0.17%
11-Dec-19,1508.30,1500.00,1507.00,1497.50,0.14K,0.46%
10-Dec-19,1501.40,1490.60,1496.00,1489.70,0.14K,0.22%
9-Dec-19,1498.10,1493.20,1493.20,1489.40,0.30K,0.04%
6-Dec-19,1497.50,1509.60,1509.60,1497.20,0.01K,-1.16%
5-Dec-19,1515.00,1513.80,1513.80,1513.80,0.00K,0.20%
4-Dec-19,1512.00,1515.90,1515.90,1515.90,0.00K,-0.27%
3-Dec-19,1516.10,1491.10,1510.30,1491.10,0.45K,1.03%
2-Dec-19,1500.60,1494.00,1495.30,1485.00,0.17K,-0.23%
29-Nov-19,1504.00,1488.00,1495.40,1484.20,0.19K,2.86%
28-Nov-19,1462.25,1463.25,1464.55,1460.75,-,-1.98%
27-Nov-19,1491.80,1489.20,1490.20,1483.90,0.22K,-0.42%
26-Nov-19,1498.10,1484.30,1492.00,1481.00,0.31K,0.19%
25-Nov-19,1495.20,1490.90,1492.00,1485.20,0.94K,-0.41%
22-Nov-19,1501.40,1497.70,1502.30,1492.00,0.70K,0.03%
21-Nov-19,1501.00,1505.50,1505.70,1494.00,0.49K,-0.69%
20-Nov-19,1511.50,1505.50,1509.20,1498.00,0.69K,-0.03%
19-Nov-19,1512.00,1511.50,1511.50,1511.50,0.00K,0.15%
18-Nov-19,1509.70,1498.40,1502.80,1488.80,0.82K,0.22%
15-Nov-19,1506.40,1496.30,1499.90,1495.90,0.07K,-0.32%
14-Nov-19,1511.30,1495.10,1504.70,1494.80,0.84K,0.67%
13-Nov-19,1501.30,1489.90,1498.10,1489.90,0.74K,0.66%
12-Nov-19,1491.40,1487.80,1488.50,1480.00,0.93K,-0.25%
11-Nov-19,1495.10,1494.00,1494.00,1480.10,0.73K,-0.54%
8-Nov-19,1503.20,1500.50,1503.00,1488.80,0.35K,-0.09%
7-Nov-19,1504.60,1510.00,1510.00,1510.00,0.00K,-1.71%
6-Nov-19,1530.80,1516.70,1525.40,1516.10,0.69K,0.62%
5-Nov-19,1521.40,1522.80,1522.80,1522.80,0.00K,-1.75%
4-Nov-19,1548.50,1544.80,1544.80,1541.00,0.83K,0.02%
1-Nov-19,1548.20,1542.10,1545.00,1538.00,0.20K,-0.17%
31-Oct-19,1550.90,1527.00,1545.00,1527.00,0.17K,1.14%
30-Oct-19,1533.40,1520.80,1526.50,1513.20,1.90K,0.39%
29-Oct-19,1527.50,1524.20,1524.20,1515.50,0.22K,-0.34%
28-Oct-19,1532.70,1535.70,1536.20,1523.50,0.16K,-0.60%
25-Oct-19,1542.00,1537.50,1549.90,1535.00,0.07K,0.08%
24-Oct-19,1540.80,1524.30,1534.70,1522.00,0.28K,0.59%
23-Oct-19,1531.80,1522.00,1526.10,1522.00,0.03K,0.54%
22-Oct-19,1523.50,1517.30,1519.00,1515.00,0.01K,-0.05%
21-Oct-19,1524.20,1524.90,1524.90,1515.00,0.11K,-0.37%
18-Oct-19,1529.90,1526.10,1526.10,1519.50,0.16K,-0.31%
17-Oct-19,1534.70,1519.90,1527.60,1519.90,0.21K,0.29%
16-Oct-19,1530.30,1515.50,1522.20,1510.00,0.20K,0.68%
15-Oct-19,1520.00,1522.90,1524.50,1513.00,0.23K,-0.91%
14-Oct-19,1534.00,1529.00,1530.00,1524.40,0.03K,0.61%
11-Oct-19,1524.70,1533.70,1534.60,1508.00,1.04K,-0.77%
10-Oct-19,1536.60,1548.00,1548.00,1526.00,0.13K,-0.74%
9-Oct-19,1548.00,1539.70,1543.00,1535.00,0.43K,0.60%
8-Oct-19,1538.80,1524.20,1540.00,1522.60,0.43K,-0.04%
7-Oct-19,1539.40,1538.90,1538.90,1522.20,0.16K,-0.53%
4-Oct-19,1547.60,1541.30,1541.30,1530.20,0.07K,-0.04%
3-Oct-19,1548.20,1536.80,1551.80,1535.20,0.00K,0.27%
2-Oct-19,1544.10,1512.80,1536.30,1509.90,0.00K,1.23%
1-Oct-19,1525.30,1502.60,1520.00,1499.00,0.00K,1.04%
30-Sep-19,1509.60,1533.00,1533.00,1500.10,0.51K,-2.19%
27-Sep-19,1543.40,1538.30,1538.30,1525.70,0.17K,-0.57%
26-Sep-19,1552.30,1538.90,1547.00,1538.00,0.25K,0.19%
25-Sep-19,1549.30,1572.00,1572.00,1539.10,0.25K,-1.78%
24-Sep-19,1577.40,1560.10,1573.00,1554.90,0.51K,0.54%
23-Sep-19,1568.90,1556.60,1562.50,1556.60,0.02K,1.05%
20-Sep-19,1552.60,1537.80,1553.50,1537.80,0.10K,0.61%
19-Sep-19,1543.20,1528.80,1540.40,1528.80,0.16K,-0.62%
18-Sep-19,1552.90,1538.90,1549.00,1530.40,0.50K,0.13%
17-Sep-19,1550.90,1538.80,1542.30,1538.80,0.01K,0.12%
16-Sep-19,1549.10,1542.60,1546.50,1536.40,0.69K,0.77%
13-Sep-19,1537.30,1543.40,1543.40,1525.60,0.18K,-0.44%
12-Sep-19,1544.10,1530.40,1558.60,1530.40,0.41K,0.38%
11-Sep-19,1538.30,1528.80,1534.40,1528.80,0.04K,0.28%
10-Sep-19,1534.00,1531.90,1532.60,1524.90,0.16K,-0.74%
9-Sep-19,1545.50,1540.10,1546.60,1534.10,0.24K,-0.24%
6-Sep-19,1549.20,1551.00,1559.90,1539.20,0.06K,-0.62%
5-Sep-19,1558.80,1579.50,1584.10,1544.90,0.10K,-2.17%
4-Sep-19,1593.30,1582.70,1590.70,1572.00,0.03K,0.26%
3-Sep-19,1589.10,1562.80,1583.90,1561.20,0.24K,3.51%
2-Sep-19,1535.15,1537.95,1540.05,1528.15,-,-0.19%
1-Sep-19,1538.05,1535.25,1542.90,1535.25,-,-1.60%
30-Aug-19,1563.10,1564.10,1566.90,1555.00,0.45K,-0.43%
29-Aug-19,1569.90,1571.90,1578.80,1562.00,0.25K,-0.71%
28-Aug-19,1581.20,1572.30,1578.00,1571.60,0.24K,-0.21%
27-Aug-19,1584.50,1566.20,1579.30,1564.60,0.17K,0.94%
26-Aug-19,1569.80,1584.50,1584.50,1563.20,0.07K,-0.03%
23-Aug-19,1570.20,1539.00,1563.50,1537.30,0.26K,1.89%
22-Aug-19,1541.10,1534.30,1538.80,1530.50,0.25K,-0.46%
21-Aug-19,1548.20,1532.70,1540.60,1532.70,0.56K,0.01%
20-Aug-19,1548.00,1530.20,1540.70,1530.20,0.17K,0.26%
19-Aug-19,1544.00,1543.90,1543.90,1531.00,0.35K,-0.78%
16-Aug-19,1556.20,1557.40,1557.70,1541.30,0.16K,-0.48%
15-Aug-19,1563.70,1553.00,1561.20,1546.00,0.29K,0.17%
14-Aug-19,1561.00,1538.50,1553.10,1532.60,0.24K,0.86%
13-Aug-19,1547.70,1556.20,1571.70,1523.10,0.07K,-0.15%
12-Aug-19,1550.00,1536.00,1550.10,1526.40,0.16K,0.55%
9-Aug-19,1541.50,1542.80,1543.80,1535.00,0.09K,-0.03%
8-Aug-19,1542.00,1533.00,1542.10,1532.60,0.06K,-0.62%
7-Aug-19,1551.60,1510.60,1547.70,1510.60,0.11K,2.30%
6-Aug-19,1516.70,1507.20,1511.10,1498.60,0.14K,0.47%
5-Aug-19,1509.60,1487.40,1505.00,1487.40,0.07K,1.16%
2-Aug-19,1492.30,1476.20,1476.20,1476.20,0.08K,1.62%
1-Aug-19,1468.50,1450.80,1485.60,1443.30,0.15K,-0.33%
31-Jul-19,1473.30,1460.50,1469.60,1452.90,0.13K,-0.27%
30-Jul-19,1477.30,1469.00,1472.40,1469.00,0.02K,0.60%
29-Jul-19,1468.50,1461.70,1461.70,1461.70,1.05K,0.09%
26-Jul-19,1467.20,1460.40,1460.40,1460.40,0.56K,0.41%
25-Jul-19,1461.20,1465.10,1468.00,1456.10,0.81K,-0.58%
24-Jul-19,1469.70,1467.20,1467.20,1467.20,0.04K,0.14%
23-Jul-19,1467.60,1458.60,1459.60,1458.60,0.25K,-0.35%
22-Jul-19,1472.80,1466.00,1466.00,1466.00,0.61K,0.03%
19-Jul-19,1472.30,1483.30,1487.40,1461.50,0.02K,-0.12%
18-Jul-19,1474.00,1464.40,1488.50,1459.40,0.02K,0.32%
17-Jul-19,1469.30,1455.00,1467.30,1455.00,0.02K,0.87%
16-Jul-19,1456.60,1453.40,1453.40,1453.40,0.02K,-0.12%
15-Jul-19,1458.40,1452.30,1452.30,1452.30,0.99K,0.10%
12-Jul-19,1457.00,1450.90,1450.90,1450.90,0.05K,0.39%
11-Jul-19,1451.40,1461.40,1467.20,1461.40,0.01K,-0.36%
10-Jul-19,1456.60,1450.50,1450.50,1450.50,0.07K,0.84%
9-Jul-19,1444.40,1430.60,1430.80,1430.60,0.02K,0.07%
8-Jul-19,1443.40,1436.90,1436.90,1436.90,0.05K,0.05%
5-Jul-19,1442.70,1428.00,1433.00,1428.00,0.02K,1.35%
4-Jul-19,1423.55,1421.25,1426.65,1412.85,-,-2.64%
3-Jul-19,1462.10,1465.50,1465.50,1461.90,0.00K,0.91%
2-Jul-19,1448.90,1428.60,1428.60,1428.60,0.07K,1.34%
1-Jul-19,1429.70,1444.00,1444.00,1424.40,0.01K,-1.60%
28-Jun-19,1452.90,1451.00,1451.00,1445.70,0.06K,0.16%
27-Jun-19,1450.60,1444.50,1444.50,1444.50,0.06K,-0.23%
26-Jun-19,1453.90,1441.90,1445.40,1440.50,0.04K,-0.24%
25-Jun-19,1457.40,1461.30,1473.90,1448.70,0.09K,0.03%
24-Jun-19,1457.00,1439.10,1449.60,1439.00,0.01K,1.25%
21-Jun-19,1439.00,1444.00,1444.00,1419.60,0.02K,0.21%
20-Jun-19,1436.00,1419.10,1428.70,1417.40,0.41K,3.22%
19-Jun-19,1391.20,1382.10,1382.10,1382.10,0.09K,-0.26%
18-Jun-19,1394.80,1379.70,1394.50,1379.70,0.18K,0.56%
17-Jun-19,1387.00,1379.70,1384.20,1379.70,0.02K,-0.14%
14-Jun-19,1388.90,1389.20,1389.20,1379.80,0.04K,0.06%
13-Jun-19,1388.10,1378.30,1378.70,1378.30,0.00K,0.50%
12-Jun-19,1381.20,1373.80,1373.80,1373.80,0.01K,0.35%
11-Jun-19,1376.40,1369.00,1369.00,1369.00,1.01K,0.15%
10-Jun-19,1374.30,1378.00,1378.00,1367.00,0.01K,-1.08%
7-Jun-19,1389.30,1388.50,1388.50,1382.40,0.05K,0.25%
6-Jun-19,1385.90,1370.00,1370.00,1370.00,0.09K,0.60%
5-Jun-19,1377.60,1376.60,1376.60,1368.80,0.16K,0.27%
4-Jun-19,1373.90,1366.50,1366.50,1366.50,0.03K,0.07%
3-Jun-19,1372.90,1356.50,1356.50,1356.50,0.07K,1.13%
31-May-19,1357.50,1342.90,1347.80,1342.90,0.22K,1.20%
30-May-19,1341.40,1332.40,1332.40,1332.40,0.33K,1.12%
29-May-19,1326.50,1327.80,1327.80,1327.80,0.00K,0.24%
28-May-19,1323.30,1322.60,1322.60,1322.60,0.12K,2.98%
27-May-19,1284.95,1284.25,1286.85,1283.25,-,0.06%
26-May-19,1284.15,1284.20,1285.15,1283.65,-,-3.45%
24-May-19,1330.10,1329.20,1329.20,1329.20,0.00K,-0.13%
23-May-19,1331.80,1328.40,1328.40,1328.40,0.00K,0.79%
22-May-19,1321.30,1321.30,1321.30,1321.30,0.02K,0.09%
21-May-19,1320.10,1320.10,1320.10,1320.10,0.10K,-0.31%
20-May-19,1324.20,1324.20,1324.20,1324.20,0.08K,0.13%
17-May-19,1322.50,1322.50,1322.50,1322.50,0.21K,-0.80%
16-May-19,1333.10,1333.10,1333.10,1333.10,0.11K,-0.85%
15-May-19,1344.50,1344.50,1344.50,1344.50,0.06K,0.08%
14-May-19,1343.40,1343.40,1343.40,1343.40,0.20K,-0.50%
13-May-19,1350.20,1350.20,1350.20,1350.20,0.12K,0.97%
10-May-19,1337.20,1337.20,1337.20,1337.20,0.05K,0.16%
9-May-19,1335.10,1335.10,1335.10,1335.10,0.04K,0.28%
8-May-19,1331.40,1338.00,1338.00,1338.00,0.05K,-0.33%
7-May-19,1335.80,1335.80,1335.80,1335.80,0.12K,0.13%
6-May-19,1334.00,1334.00,1334.00,1334.00,0.01K,0.17%
3-May-19,1331.70,1331.70,1331.70,1331.70,0.02K,0.72%
2-May-19,1322.20,1323.00,1323.00,1323.00,0.00K,-0.90%
1-May-19,1334.20,1334.20,1334.20,1334.20,0.26K,-0.11%
30-Apr-19,1335.70,1335.70,1335.70,1335.70,0.21K,0.31%
29-Apr-19,1331.60,1331.60,1331.60,1331.60,0.14K,-0.57%
26-Apr-19,1339.20,1339.20,1339.20,1339.20,0.38K,0.68%
25-Apr-19,1330.20,1330.20,1330.20,1330.20,0.00K,0.02%
24-Apr-19,1329.90,1329.90,1329.90,1329.90,0.15K,0.46%
23-Apr-19,1323.80,1323.80,1323.80,1323.80,0.01K,-0.35%
22-Apr-19,1328.50,1328.50,1328.50,1328.50,0.00K,3.96%
19-Apr-19,1277.90,1277.90,1277.90,1277.90,-,-3.69%
18-Apr-19,1326.90,1326.90,1326.90,1326.90,0.08K,-0.05%
17-Apr-19,1327.60,1327.60,1327.60,1327.60,0.06K,-0.04%
16-Apr-19,1328.10,1329.10,1329.10,1329.00,0.05K,-1.07%
15-Apr-19,1342.40,1342.40,1342.40,1342.40,0.02K,-0.29%
12-Apr-19,1346.30,1346.30,1346.30,1346.30,0.23K,0.22%
11-Apr-19,1343.40,1356.60,1356.60,1356.60,0.00K,-1.50%
10-Apr-19,1363.90,1363.90,1363.90,1363.90,0.08K,0.40%
9-Apr-19,1358.40,1358.40,1358.40,1358.40,0.00K,0.48%
8-Apr-19,1351.90,1351.90,1351.90,1351.90,0.00K,0.50%
5-Apr-19,1345.20,1345.20,1345.20,1345.20,0.05K,0.13%
4-Apr-19,1343.50,1343.50,1343.50,1343.50,0.04K,-0.04%
3-Apr-19,1344.00,1344.00,1344.00,1344.00,0.05K,0.01%
2-Apr-19,1343.90,1340.80,1343.20,1340.80,0.00K,0.09%
1-Apr-19,1342.70,1342.70,1342.70,1342.70,0.03K,-0.25%
29-Mar-19,1346.00,1354.10,1354.10,1354.10,0.00K,0.27%
28-Mar-19,1342.40,1348.00,1348.00,1342.20,0.01K,-1.57%
27-Mar-19,1363.80,1363.80,1363.80,1363.80,0.04K,-0.40%
26-Mar-19,1369.30,1369.30,1369.30,1369.30,0.01K,-0.64%
25-Mar-19,1378.10,1378.10,1378.10,1378.10,0.10K,0.64%
22-Mar-19,1369.30,1368.20,1368.20,1368.20,0.03K,0.35%
21-Mar-19,1364.50,1364.50,1364.50,1364.50,0.12K,0.37%
20-Mar-19,1359.50,1359.50,1359.50,1359.50,0.02K,-0.38%
19-Mar-19,1364.70,1364.70,1364.70,1364.70,0.00K,0.39%
18-Mar-19,1359.40,1359.40,1359.40,1359.40,0.01K,-0.09%
15-Mar-19,1360.60,1360.60,1360.60,1360.60,0.01K,0.57%
14-Mar-19,1352.90,1352.90,1352.90,1352.90,0.23K,-1.11%
13-Mar-19,1368.10,1368.10,1368.10,1368.10,0.02K,0.85%
12-Mar-19,1356.60,1356.60,1356.60,1356.60,0.08K,0.49%
11-Mar-19,1350.00,1350.00,1350.00,1350.00,0.00K,-0.63%
8-Mar-19,1358.50,1358.50,1358.50,1358.50,0.00K,1.01%
7-Mar-19,1344.90,1344.90,1344.90,1344.90,0.04K,-0.12%
6-Mar-19,1346.50,1346.50,1346.50,1346.50,0.00K,0.22%
5-Mar-19,1343.50,1343.50,1343.50,1343.50,0.00K,-0.21%
4-Mar-19,1346.30,1346.30,1346.30,1346.30,0.02K,-0.88%
1-Mar-19,1358.30,1358.30,1358.30,1358.30,0.13K,-1.24%
28-Feb-19,1375.30,1374.00,1374.00,1374.00,0.01K,-0.38%
27-Feb-19,1380.50,1380.50,1380.50,1380.50,0.00K,-0.53%
26-Feb-19,1387.90,1387.90,1387.90,1387.90,0.00K,-0.08%
25-Feb-19,1389.00,1389.00,1389.00,1389.00,0.00K,-0.25%
22-Feb-19,1392.50,1392.50,1392.50,1392.50,0.02K,0.38%
21-Feb-19,1387.20,1388.00,1388.00,1388.00,0.03K,-1.39%
20-Feb-19,1406.70,1406.70,1406.70,1406.70,0.15K,0.20%
19-Feb-19,1403.90,1403.90,1403.90,1403.90,0.04K,5.59%
18-Feb-19,1329.55,1324.35,1330.75,1324.05,-,0.40%
17-Feb-19,1324.25,1324.65,1324.95,1323.85,-,-4.12%
15-Feb-19,1381.20,1381.20,1381.20,1381.20,0.03K,0.58%
14-Feb-19,1373.20,1373.20,1373.20,1373.20,0.07K,-0.10%
13-Feb-19,1374.60,1374.60,1374.60,1374.60,0.05K,0.10%
12-Feb-19,1373.20,1373.20,1373.20,1373.20,0.00K,0.15%
11-Feb-19,1371.20,1371.20,1371.20,1371.20,0.03K,-0.48%
8-Feb-19,1377.80,1377.80,1377.80,1377.80,0.05K,0.31%
7-Feb-19,1373.60,1373.60,1373.60,1373.60,0.00K,-0.01%
6-Feb-19,1373.80,1373.80,1373.80,1373.80,0.00K,-0.35%
5-Feb-19,1378.60,1378.60,1378.60,1378.60,0.04K,0.02%
4-Feb-19,1378.30,1378.30,1378.30,1378.30,0.00K,-0.20%
1-Feb-19,1381.10,1382.60,1382.60,1382.60,0.01K,-0.21%
31-Jan-19,1384.00,1384.00,1384.00,1384.00,0.08K,0.59%
30-Jan-19,1375.90,1377.60,1377.60,1377.60,0.06K,0.02%
29-Jan-19,1375.60,1375.60,1375.60,1375.60,0.20K,0.42%
28-Jan-19,1369.80,1369.80,1369.80,1369.80,0.00K,0.43%
25-Jan-19,1364.00,1360.00,1360.00,1360.00,0.01K,1.42%
24-Jan-19,1344.90,1344.90,1344.90,1344.90,0.05K,-0.33%
23-Jan-19,1349.30,1349.30,1349.30,1349.30,0.02K,0.07%
22-Jan-19,1348.40,1348.40,1348.40,1348.40,0.15K,5.42%
21-Jan-19,1279.05,1281.95,1282.95,1276.15,-,-0.23%
20-Jan-19,1282.05,1281.30,1282.70,1280.50,-,-4.90%
18-Jan-19,1348.10,1348.10,1348.10,1348.10,0.00K,-0.72%
17-Jan-19,1357.90,1357.90,1357.90,1357.90,0.03K,-0.10%
16-Jan-19,1359.30,1359.30,1359.30,1359.30,0.00K,0.41%
15-Jan-19,1353.70,1353.70,1353.70,1353.70,0.01K,-0.26%
14-Jan-19,1357.20,1357.20,1357.20,1357.20,0.40K,0.13%
11-Jan-19,1355.40,1355.40,1355.40,1355.40,0.05K,0.18%
10-Jan-19,1353.00,1353.00,1353.00,1353.00,0.55K,-0.32%
9-Jan-19,1357.30,1357.30,1357.30,1357.30,0.10K,0.46%
8-Jan-19,1351.10,1351.10,1351.10,1351.10,0.00K,-0.30%
7-Jan-19,1355.20,1355.20,1355.20,1355.20,0.01K,0.31%
4-Jan-19,1351.00,1351.80,1351.80,1351.80,0.00K,-0.65%
3-Jan-19,1359.80,1359.80,1359.80,1359.80,0.01K,0.76%
2-Jan-19,1349.50,1349.50,1349.50,1349.50,0.10K,5.15%
1-Jan-19,1283.35,1284.70,1284.75,1282.85,-,-4.73%
31-Dec-18,1347.10,1347.10,1347.10,1347.10,0.05K,-0.09%
28-Dec-18,1348.30,1348.30,1348.30,1348.30,0.08K,0.13%
27-Dec-18,1346.50,1346.50,1346.50,1346.50,0.03K,0.61%
26-Dec-18,1338.30,1343.00,1343.00,1343.00,0.00K,5.32%
25-Dec-18,1270.75,1272.50,1274.55,1270.65,-,-4.96%
24-Dec-18,1337.00,1337.00,1337.00,1337.00,0.03K,1.05%
21-Dec-18,1323.10,1323.10,1323.10,1323.10,0.06K,-0.75%
20-Dec-18,1333.10,1333.10,1333.10,1333.10,0.01K,0.89%
19-Dec-18,1321.30,1321.30,1321.30,1321.30,0.27K,0.21%
18-Dec-18,1318.50,1318.50,1318.50,1318.50,0.03K,0.08%
17-Dec-18,1317.40,1317.40,1317.40,1317.40,0.01K,0.80%
14-Dec-18,1307.00,1307.00,1307.00,1307.00,0.03K,-0.47%
13-Dec-18,1313.20,1313.20,1313.20,1313.20,0.19K,-0.20%
12-Dec-18,1315.80,1315.80,1315.80,1315.80,0.07K,0.22%
11-Dec-18,1312.90,1312.90,1312.90,1312.90,0.00K,-0.14%
10-Dec-18,1314.80,1314.80,1314.80,1314.80,0.09K,-0.36%
7-Dec-18,1319.50,1319.50,1319.50,1319.50,0.00K,0.71%
6-Dec-18,1310.20,1313.90,1313.90,1309.50,0.00K,0.05%
5-Dec-18,1309.60,1309.60,1309.60,1309.60,0.00K,-0.30%
4-Dec-18,1313.60,1313.60,1313.60,1313.60,0.02K,0.55%
3-Dec-18,1306.40,1306.40,1306.40,1306.40,0.05K,1.06%
30-Nov-18,1292.70,1289.70,1289.70,1289.70,0.00K,-0.33%
29-Nov-18,1297.00,1297.00,1297.00,1297.00,0.00K,0.05%
28-Nov-18,1296.40,1296.40,1296.40,1296.40,0.00K,0.77%
27-Nov-18,1286.50,1286.50,1286.50,1286.50,0.01K,-0.72%
26-Nov-18,1295.80,1295.80,1295.80,1295.80,0.00K,-0.02%
23-Nov-18,1296.10,1296.10,1296.10,1296.10,0.06K,5.55%
22-Nov-18,1228.00,1226.40,1229.70,1225.50,-,-5.60%
21-Nov-18,1300.80,1300.80,1300.80,1300.80,0.34K,0.57%
20-Nov-18,1293.40,1293.40,1293.40,1293.40,0.01K,-0.32%
19-Nov-18,1297.50,1297.50,1297.50,1297.50,0.10K,0.20%
16-Nov-18,1294.90,1294.90,1294.90,1294.90,0.00K,0.57%
15-Nov-18,1287.60,1287.60,1287.60,1287.60,0.01K,0.34%
14-Nov-18,1283.20,1283.20,1283.20,1283.20,0.33K,0.67%
13-Nov-18,1274.70,1274.70,1274.70,1274.70,0.01K,-0.16%
12-Nov-18,1276.80,1276.80,1276.80,1276.80,0.03K,-0.42%
9-Nov-18,1282.20,1282.20,1282.20,1282.20,0.08K,-1.32%
8-Nov-18,1299.30,1299.30,1299.30,1299.30,0.00K,-0.27%
7-Nov-18,1302.80,1302.80,1302.80,1302.80,0.00K,0.18%
6-Nov-18,1300.40,1300.40,1300.40,1300.40,0.01K,-0.46%
5-Nov-18,1306.40,1306.40,1306.40,1306.40,0.05K,-0.07%
2-Nov-18,1307.30,1307.30,1307.30,1307.30,0.00K,-0.37%
1-Nov-18,1312.20,1312.20,1312.20,1312.20,0.01K,1.86%
31-Oct-18,1288.20,1291.10,1291.10,1291.10,0.00K,-0.82%
30-Oct-18,1298.90,1296.70,1296.70,1296.70,0.00K,-0.17%
29-Oct-18,1301.10,1301.10,1301.10,1301.10,0.00K,-0.66%
26-Oct-18,1309.70,1309.70,1309.70,1309.70,0.05K,0.23%
25-Oct-18,1306.70,1306.70,1306.70,1306.70,0.00K,0.09%
24-Oct-18,1305.50,1305.50,1305.50,1305.50,0.01K,-0.50%
23-Oct-18,1312.00,1312.00,1312.00,1312.00,0.03K,0.94%
22-Oct-18,1299.80,1299.80,1299.80,1299.80,0.02K,-0.31%
19-Oct-18,1303.80,1303.80,1303.80,1303.80,0.06K,-0.10%
18-Oct-18,1305.10,1305.10,1305.10,1305.10,0.17K,0.25%
17-Oct-18,1301.90,1301.90,1301.90,1301.90,0.01K,-0.30%
16-Oct-18,1305.80,1305.80,1305.80,1305.80,0.05K,0.03%
15-Oct-18,1305.40,1305.40,1305.40,1305.40,0.14K,0.70%
12-Oct-18,1296.30,1296.30,1296.30,1296.30,0.12K,-0.46%
11-Oct-18,1302.30,1271.20,1271.20,1271.20,0.00K,2.73%
10-Oct-18,1267.70,1267.70,1267.70,1267.70,0.06K,0.15%
9-Oct-18,1265.80,1265.80,1265.80,1265.80,0.01K,0.23%
8-Oct-18,1262.90,1262.90,1262.90,1262.90,0.04K,-1.35%
5-Oct-18,1280.20,1280.20,1280.20,1280.20,0.01K,0.37%
4-Oct-18,1275.50,1275.50,1275.50,1275.50,0.00K,-0.09%
3-Oct-18,1276.70,1276.70,1276.70,1276.70,0.08K,-0.31%
2-Oct-18,1280.70,1280.70,1280.70,1280.70,0.00K,1.29%
1-Oct-18,1264.40,1264.40,1264.40,1264.40,0.18K,-0.34%
28-Sep-18,1268.70,1270.00,1270.00,1270.00,0.00K,0.71%
27-Sep-18,1259.80,1260.00,1260.00,1260.00,0.00K,-0.94%
26-Sep-18,1271.80,1271.80,1271.80,1271.80,0.00K,-0.50%
25-Sep-18,1278.20,1278.20,1278.20,1278.20,0.02K,0.06%
24-Sep-18,1277.40,1277.40,1277.40,1277.40,0.01K,0.24%
21-Sep-18,1274.30,1274.30,1274.30,1274.30,0.04K,-0.79%
20-Sep-18,1284.40,1284.40,1284.40,1284.40,0.01K,0.23%
19-Sep-18,1281.50,1281.50,1281.50,1281.50,0.01K,0.45%
18-Sep-18,1275.70,1275.70,1275.70,1275.70,0.03K,-0.21%
17-Sep-18,1278.40,1278.40,1278.40,1278.40,0.04K,0.36%
14-Sep-18,1273.80,1273.80,1273.80,1273.80,0.00K,-0.56%
13-Sep-18,1281.00,1281.00,1281.00,1281.00,0.02K,-0.23%
12-Sep-18,1283.90,1269.60,1271.00,1269.50,0.02K,0.75%
11-Sep-18,1274.40,1274.40,1274.40,1274.40,0.02K,0.22%
10-Sep-18,1271.60,1271.60,1271.60,1271.60,0.01K,-0.04%
7-Sep-18,1272.10,1272.10,1272.10,1272.10,0.00K,-0.28%
6-Sep-18,1275.70,1275.70,1275.70,1275.70,0.00K,0.24%
5-Sep-18,1272.60,1266.10,1271.90,1266.10,0.01K,0.19%
4-Sep-18,1270.20,1270.20,1270.20,1270.20,0.03K,5.30%
3-Sep-18,1206.30,1204.90,1209.60,1201.30,-,0.12%
2-Sep-18,1204.90,1206.20,1206.60,1204.50,-,-5.70%
31-Aug-18,1277.70,1277.70,1277.70,1277.70,0.03K,0.13%
30-Aug-18,1276.10,1276.10,1276.10,1276.10,0.01K,-0.56%
29-Aug-18,1283.30,1283.30,1283.30,1283.30,0.03K,-0.24%
28-Aug-18,1286.40,1286.40,1286.40,1286.40,0.14K,-0.12%
27-Aug-18,1288.00,1288.00,1288.00,1288.00,0.15K,0.23%
24-Aug-18,1285.00,1285.00,1285.00,1285.00,0.01K,1.56%
23-Aug-18,1265.20,1265.20,1265.20,1265.20,0.00K,-0.83%
22-Aug-18,1275.80,1280.20,1280.20,1278.20,0.00K,0.24%
21-Aug-18,1272.80,1272.90,1272.90,1272.90,0.00K,0.42%
20-Aug-18,1267.50,1266.00,1266.00,1266.00,0.00K,0.75%
17-Aug-18,1258.10,1258.10,1258.10,1258.10,0.00K,0.01%
16-Aug-18,1258.00,1258.00,1258.00,1258.00,0.04K,-0.13%
15-Aug-18,1259.70,1265.80,1265.80,1265.80,0.00K,-1.27%
14-Aug-18,1275.90,1273.40,1273.40,1273.40,0.00K,0.14%
13-Aug-18,1274.10,1274.10,1274.10,1274.10,0.01K,-1.58%
10-Aug-18,1294.60,1294.60,1294.60,1294.60,0.08K,-0.09%
9-Aug-18,1295.80,1295.80,1295.80,1295.80,0.04K,-0.08%
8-Aug-18,1296.80,1296.80,1296.80,1296.80,0.21K,0.20%
7-Aug-18,1294.20,1294.20,1294.20,1294.20,0.72K,0.05%
6-Aug-18,1293.60,1302.80,1305.00,1298.60,0.01K,-0.45%
3-Aug-18,1299.40,1288.80,1298.40,1288.80,0.01K,0.25%
2-Aug-18,1296.20,1308.00,1308.00,1308.00,0.00K,-0.60%
1-Aug-18,1304.00,1304.00,1304.00,1304.00,1.03K,-0.44%
31-Jul-18,1309.80,1309.80,1309.80,1309.80,2.72K,0.16%
30-Jul-18,1307.70,1306.90,1309.10,1301.90,0.01K,-0.10%
27-Jul-18,1309.00,1309.00,1309.00,1309.00,0.00K,-0.19%
26-Jul-18,1311.50,1311.50,1311.50,1311.50,0.00K,-0.39%
25-Jul-18,1316.70,1316.70,1316.70,1316.70,0.06K,0.45%
24-Jul-18,1310.80,1310.80,1310.80,1310.80,0.04K,0.01%
23-Jul-18,1310.70,1307.60,1307.60,1307.60,0.00K,-0.46%
20-Jul-18,1316.80,1316.80,1316.80,1316.80,0.15K,0.49%
19-Jul-18,1310.40,1302.00,1302.00,1302.00,0.08K,-0.35%
18-Jul-18,1315.00,1315.00,1315.00,1315.00,0.00K,0.03%
17-Jul-18,1314.60,1320.00,1320.00,1320.00,0.03K,-0.97%
16-Jul-18,1327.50,1327.50,1327.50,1327.50,0.00K,-0.11%
13-Jul-18,1329.00,1327.00,1327.00,1327.00,0.00K,-0.46%
12-Jul-18,1335.20,1335.20,1335.20,1335.20,0.01K,0.16%
11-Jul-18,1333.10,1333.10,1333.10,1333.10,0.03K,-0.88%
10-Jul-18,1344.90,1344.90,1344.90,1344.90,0.07K,-0.29%
9-Jul-18,1348.80,1348.80,1348.80,1348.80,0.04K,0.31%
6-Jul-18,1344.60,1344.60,1344.60,1344.60,0.01K,-0.21%
5-Jul-18,1347.40,1347.40,1347.40,1347.40,0.01K,7.10%
4-Jul-18,1258.10,1256.20,1262.40,1255.30,-,-6.27%
3-Jul-18,1342.20,1342.20,1342.20,1342.20,0.04K,0.94%
2-Jul-18,1329.70,1329.70,1329.70,1329.70,0.03K,-1.04%
29-Jun-18,1343.70,1343.70,1343.70,1343.70,0.05K,0.28%
28-Jun-18,1340.00,1340.00,1340.00,1340.00,0.38K,-0.41%
27-Jun-18,1345.50,1345.50,1345.50,1345.50,0.01K,-0.33%
26-Jun-18,1350.00,1350.00,1350.00,1350.00,0.09K,-0.71%
25-Jun-18,1359.60,1353.70,1353.70,1353.70,0.00K,-0.15%
22-Jun-18,1361.70,1365.00,1365.00,1365.00,0.00K,0.02%
21-Jun-18,1361.40,1360.00,1360.00,1360.00,0.00K,-0.31%
20-Jun-18,1365.70,1376.80,1376.80,1376.80,0.00K,-0.28%
19-Jun-18,1369.60,1369.60,1369.60,1369.60,0.03K,-0.14%
18-Jun-18,1371.50,1371.50,1371.50,1371.50,0.04K,0.13%
15-Jun-18,1369.70,1369.70,1369.70,1369.70,0.59K,-2.23%
14-Jun-18,1401.00,1401.00,1401.00,1401.00,0.05K,0.51%
13-Jun-18,1393.90,1393.90,1393.90,1393.90,0.14K,0.12%
12-Jun-18,1392.20,1392.20,1392.20,1392.20,0.15K,-0.27%
11-Jun-18,1395.90,1395.90,1395.90,1395.90,0.07K,0.08%
8-Jun-18,1394.80,1394.80,1394.80,1394.80,0.65K,0.00%
7-Jun-18,1394.80,1394.80,1394.80,1394.80,0.08K,0.06%
6-Jun-18,1393.90,1393.90,1393.90,1393.90,0.03K,-0.04%
5-Jun-18,1394.50,1394.50,1394.50,1394.50,0.36K,0.36%
4-Jun-18,1389.50,1389.60,1390.50,1389.60,0.00K,-0.04%
1-Jun-18,1390.10,1392.40,1392.40,1392.40,0.00K,-0.35%
31-May-18,1395.00,1395.00,1395.00,1395.00,4.08K,-0.12%
30-May-18,1396.70,1396.70,1396.70,1396.70,50.85K,0.22%
29-May-18,1393.70,1393.70,1393.70,1393.70,0.08K,7.41%
28-May-18,1297.60,1298.40,1299.70,1294.70,-,-0.05%
27-May-18,1298.30,1299.80,1299.90,1296.10,-,-7.48%
25-May-18,1403.20,1403.20,1403.20,1403.20,0.00K,-0.07%
24-May-18,1404.20,1404.20,1404.20,1404.20,0.02K,1.08%
23-May-18,1389.20,1389.20,1389.20,1389.20,0.01K,-0.21%
22-May-18,1392.10,1392.10,1392.10,1392.10,0.05K,0.07%
21-May-18,1391.10,1391.10,1391.10,1391.10,0.05K,-0.01%
18-May-18,1391.30,1391.30,1391.30,1391.30,0.00K,0.09%
17-May-18,1390.00,1390.00,1390.00,1390.00,0.00K,-0.15%
16-May-18,1392.10,1392.10,1392.10,1392.10,0.03K,0.17%
15-May-18,1389.80,1405.30,1405.30,1405.30,0.00K,-1.98%
14-May-18,1417.90,1417.90,1417.90,1417.90,0.00K,-0.18%
11-May-18,1420.40,1420.40,1420.40,1420.40,0.00K,-0.12%
10-May-18,1422.10,1422.10,1422.10,1422.10,0.01K,0.64%
9-May-18,1413.00,1413.50,1413.50,1413.30,0.03K,-0.06%
8-May-18,1413.80,1413.80,1413.80,1413.80,0.34K,-0.03%
7-May-18,1414.20,1414.20,1414.20,1414.20,0.00K,-0.04%
4-May-18,1414.70,1414.70,1414.70,1414.70,0.04K,0.16%
3-May-18,1412.40,1412.40,1412.40,1412.40,0.00K,0.51%
2-May-18,1405.30,1405.30,1405.30,1405.30,0.02K,-0.08%
1-May-18,1406.40,1406.40,1406.40,1406.40,0.03K,-0.89%
30-Apr-18,1419.10,1419.10,1419.10,1419.10,0.05K,-0.32%
27-Apr-18,1423.60,1423.60,1423.60,1423.60,0.62K,0.39%
26-Apr-18,1418.00,1418.00,1418.00,1418.00,0.01K,-0.34%
25-Apr-18,1422.90,1422.90,1422.90,1422.90,0.28K,-0.71%
24-Apr-18,1433.10,1433.10,1433.10,1433.10,0.03K,0.64%
23-Apr-18,1424.00,1424.00,1424.00,1424.00,0.01K,-0.99%
20-Apr-18,1438.20,1442.00,1442.00,1442.00,0.00K,-0.73%
19-Apr-18,1448.80,1453.00,1453.00,1453.00,0.00K,-0.32%
18-Apr-18,1453.50,1460.10,1460.10,1460.10,0.00K,0.29%
17-Apr-18,1449.30,1449.30,1449.30,1449.30,0.41K,-0.09%
16-Apr-18,1450.60,1450.60,1450.60,1450.60,0.06K,0.19%
13-Apr-18,1447.90,1447.90,1447.90,1447.90,0.07K,0.45%
12-Apr-18,1441.40,1441.40,1441.40,1441.40,0.03K,-1.27%
11-Apr-18,1460.00,1460.00,1460.00,1460.00,0.00K,1.00%
10-Apr-18,1445.50,1445.50,1445.50,1445.50,0.11K,0.41%
9-Apr-18,1439.60,1439.60,1439.60,1439.60,0.29K,0.26%
6-Apr-18,1435.90,1435.90,1435.90,1435.90,0.35K,0.55%
5-Apr-18,1428.10,1428.10,1428.10,1428.10,0.26K,-0.81%
4-Apr-18,1439.70,1439.70,1439.70,1439.70,0.72K,0.22%
3-Apr-18,1436.50,1436.50,1436.50,1436.50,0.70K,-0.64%
2-Apr-18,1445.80,1445.80,1445.80,1445.80,0.65K,1.39%
29-Mar-18,1426.00,1426.00,1426.00,1426.00,5.59K,-0.20%
28-Mar-18,1428.90,1428.90,1428.90,1428.90,59.28K,-1.31%
27-Mar-18,1447.80,1447.80,1447.80,1447.80,0.01K,-0.90%
26-Mar-18,1461.00,1461.00,1461.00,1461.00,0.01K,0.41%
23-Mar-18,1455.00,1455.00,1455.00,1455.00,0.01K,1.59%
22-Mar-18,1432.20,1432.20,1432.20,1432.20,0.00K,0.39%
21-Mar-18,1426.60,1426.60,1426.60,1426.60,0.01K,0.73%
20-Mar-18,1416.20,1416.20,1416.20,1416.20,0.00K,-0.39%
19-Mar-18,1421.70,1421.70,1421.70,1421.70,0.01K,0.38%
16-Mar-18,1416.30,1416.30,1416.30,1416.30,0.03K,-0.38%
15-Mar-18,1421.70,1421.70,1421.70,1421.70,0.10K,-0.56%
14-Mar-18,1429.70,1429.70,1429.70,1429.70,0.03K,-0.12%
13-Mar-18,1431.40,1433.40,1433.40,1433.40,0.00K,0.46%
12-Mar-18,1424.80,1424.80,1424.80,1424.80,0.00K,-0.22%
9-Mar-18,1428.00,1428.00,1428.00,1428.00,0.09K,0.30%
8-Mar-18,1423.70,1423.70,1423.70,1423.70,0.06K,-0.29%
7-Mar-18,1427.90,1427.90,1427.90,1427.90,0.03K,-0.56%
6-Mar-18,1435.90,1435.90,1435.90,1435.90,0.02K,1.08%
5-Mar-18,1420.50,1420.50,1420.50,1420.50,0.02K,-0.26%
2-Mar-18,1424.20,1424.20,1424.20,1424.20,0.16K,1.29%
1-Mar-18,1406.00,1406.00,1406.00,1406.00,0.04K,-0.93%
28-Feb-18,1419.20,1419.20,1419.20,1419.20,0.06K,-0.03%
27-Feb-18,1419.60,1419.60,1419.60,1419.60,0.05K,-0.94%
26-Feb-18,1433.10,1433.10,1433.10,1433.10,0.04K,0.29%
23-Feb-18,1429.00,1429.00,1429.00,1429.00,0.43K,-0.17%
22-Feb-18,1431.40,1431.40,1431.40,1431.40,0.07K,0.06%
21-Feb-18,1430.60,1430.60,1430.60,1430.60,0.12K,0.15%
20-Feb-18,1428.40,1428.40,1428.40,1428.40,0.28K,5.98%
19-Feb-18,1347.80,1350.40,1353.90,1347.40,-,-0.20%
18-Feb-18,1350.50,1349.70,1352.40,1349.70,-,-7.04%
16-Feb-18,1452.80,1452.80,1452.80,1452.80,0.11K,0.09%
15-Feb-18,1451.50,1451.50,1451.50,1451.50,0.11K,-0.10%
14-Feb-18,1452.90,1452.90,1452.90,1452.90,0.40K,1.97%
13-Feb-18,1424.80,1424.80,1424.80,1424.80,0.07K,0.27%
12-Feb-18,1420.90,1420.90,1420.90,1420.90,0.14K,0.77%
9-Feb-18,1410.10,1410.10,1410.10,1410.10,0.00K,-0.33%
8-Feb-18,1414.80,1414.80,1414.80,1414.80,0.46K,0.29%
7-Feb-18,1410.70,1410.70,1410.70,1410.70,0.49K,-1.03%
6-Feb-18,1425.40,1425.40,1425.40,1425.40,0.53K,-0.52%
5-Feb-18,1432.90,1432.90,1432.90,1432.90,0.64K,-0.12%
2-Feb-18,1434.60,1434.60,1434.60,1434.60,2.84K,-0.73%
1-Feb-18,1445.10,1445.10,1445.10,1445.10,1.68K,0.40%
31-Jan-18,1439.40,1439.40,1439.40,1439.40,4.88K,0.22%
30-Jan-18,1436.20,1436.20,1436.20,1436.20,52.10K,-0.35%
29-Jan-18,1441.30,1441.30,1441.30,1441.30,0.00K,-0.85%
26-Jan-18,1453.70,1453.70,1453.70,1453.70,0.05K,-0.64%
25-Jan-18,1463.10,1463.10,1463.10,1463.10,0.00K,0.47%
24-Jan-18,1456.30,1456.30,1456.30,1456.30,0.02K,1.54%
23-Jan-18,1434.20,1434.20,1434.20,1434.20,0.05K,0.32%
22-Jan-18,1429.60,1429.60,1429.60,1429.60,0.16K,0.26%
19-Jan-18,1425.90,1425.90,1425.90,1425.90,0.05K,0.49%
18-Jan-18,1419.00,1419.00,1419.00,1419.00,0.21K,-0.84%
17-Jan-18,1431.00,1431.00,1431.00,1431.00,0.03K,0.20%
16-Jan-18,1428.10,1428.10,1428.10,1428.10,0.01K,6.43%
15-Jan-18,1341.80,1337.30,1344.90,1337.00,-,0.33%
14-Jan-18,1337.40,1337.70,1338.60,1336.40,-,-6.19%
12-Jan-18,1425.70,1425.70,1425.70,1425.70,0.01K,1.01%
11-Jan-18,1411.40,1411.40,1411.40,1411.40,0.01K,0.22%
10-Jan-18,1408.30,1408.30,1408.30,1408.30,0.00K,0.50%
9-Jan-18,1401.30,1398.00,1398.00,1398.00,0.00K,-0.43%
8-Jan-18,1407.40,1407.40,1407.40,1407.40,0.04K,-0.06%
5-Jan-18,1408.30,1408.30,1408.30,1408.30,0.00K,0.07%
4-Jan-18,1407.30,1407.30,1407.30,1407.30,0.00K,0.24%
3-Jan-18,1404.00,1399.00,1399.00,1399.00,0.00K,0.28%
2-Jan-18,1400.10,1400.10,1400.10,1400.10,0.00K,6.98%
1-Jan-18,1308.70,1305.80,1309.70,1304.60,-,-5.98%
29-Dec-17,1391.90,1391.90,1391.90,1391.90,0.07K,0.91%
28-Dec-17,1379.40,1372.10,1372.10,1372.00,0.01K,0.52%
27-Dec-17,1372.30,1372.30,1372.30,1372.30,0.07K,0.28%
26-Dec-17,1368.50,1368.50,1368.50,1368.50,0.08K,7.09%
25-Dec-17,1277.90,1278.90,1279.50,1277.90,-,-6.02%
22-Dec-17,1359.80,1353.70,1354.30,1353.70,0.00K,0.63%
21-Dec-17,1351.30,1351.30,1351.30,1351.30,0.23K,0.07%
20-Dec-17,1350.40,1350.40,1350.40,1350.40,0.06K,0.42%
19-Dec-17,1344.80,1344.80,1344.80,1344.80,0.33K,-0.06%
18-Dec-17,1345.60,1345.60,1345.60,1345.60,0.05K,0.61%
15-Dec-17,1337.40,1337.40,1337.40,1337.40,0.58K,0.01%
14-Dec-17,1337.20,1342.00,1342.00,1334.00,0.00K,0.64%
13-Dec-17,1328.70,1328.70,1328.70,1328.70,0.35K,0.51%
12-Dec-17,1321.90,1321.90,1321.90,1321.90,0.06K,-0.37%
11-Dec-17,1326.80,1326.80,1326.80,1326.80,0.15K,-0.10%
8-Dec-17,1328.10,1330.50,1330.50,1330.50,0.00K,-0.37%
7-Dec-17,1333.00,1327.60,1327.60,1327.60,0.01K,-0.98%
6-Dec-17,1346.20,1346.20,1346.20,1346.20,0.37K,0.08%
5-Dec-17,1345.10,1345.10,1345.10,1345.10,1.50K,-0.95%
4-Dec-17,1358.00,1358.00,1358.00,1358.00,0.85K,-0.35%
1-Dec-17,1362.80,1362.80,1362.80,1362.80,0.82K,0.41%
30-Nov-17,1357.30,1357.30,1357.30,1357.30,3.05K,-0.67%
29-Nov-17,1366.40,1382.00,1382.00,1382.00,0.01K,-0.91%
28-Nov-17,1379.00,1379.00,1379.00,1379.00,4.06K,0.02%
27-Nov-17,1378.70,1378.70,1378.70,1378.70,0.00K,0.52%
24-Nov-17,1371.60,1371.60,1371.60,1371.60,0.01K,6.19%
23-Nov-17,1291.66,1291.19,1293.87,1287.65,-,-6.16%
22-Nov-17,1376.40,1376.40,1376.40,1376.40,0.03K,0.85%
21-Nov-17,1364.80,1364.80,1364.80,1364.80,0.02K,0.53%
20-Nov-17,1357.60,1357.60,1357.60,1357.60,0.00K,-1.48%
17-Nov-17,1378.00,1378.00,1378.00,1378.00,0.00K,1.37%
16-Nov-17,1359.40,1359.40,1359.40,1359.40,0.04K,0.05%
15-Nov-17,1358.70,1358.70,1358.70,1358.70,0.01K,-0.40%
14-Nov-17,1364.20,1364.20,1364.20,1364.20,0.00K,0.28%
13-Nov-17,1360.40,1360.40,1360.40,1360.40,0.02K,0.44%
10-Nov-17,1354.50,1354.50,1354.50,1354.50,0.10K,-0.90%
9-Nov-17,1366.80,1366.80,1366.80,1366.80,0.02K,0.33%
8-Nov-17,1362.30,1362.30,1362.30,1362.30,0.02K,0.62%
7-Nov-17,1353.90,1353.90,1353.90,1353.90,0.01K,-0.43%
6-Nov-17,1359.70,1359.70,1359.70,1359.70,0.13K,0.95%
3-Nov-17,1346.90,1346.90,1346.90,1346.90,0.08K,-0.63%
2-Nov-17,1355.40,1355.40,1355.40,1355.40,0.07K,0.06%
1-Nov-17,1354.60,1354.60,1354.60,1354.60,0.08K,0.51%
31-Oct-17,1347.70,1347.70,1347.70,1347.70,0.24K,-0.53%
30-Oct-17,1354.90,1354.90,1354.90,1354.90,0.22K,0.43%
27-Oct-17,1349.10,1351.70,1351.70,1351.70,0.00K,0.19%
26-Oct-17,1346.50,1346.50,1346.50,1346.50,0.04K,-0.66%
25-Oct-17,1355.50,1355.50,1355.50,1355.50,0.11K,0.10%
24-Oct-17,1354.20,1354.20,1354.20,1354.20,0.11K,-0.20%
23-Oct-17,1356.90,1356.90,1356.90,1356.90,0.12K,0.05%
20-Oct-17,1356.20,1356.20,1356.20,1356.20,0.30K,-0.71%
19-Oct-17,1365.90,1365.90,1365.90,1365.90,0.13K,0.49%
18-Oct-17,1359.30,1359.30,1359.30,1359.30,0.16K,-0.23%
17-Oct-17,1362.50,1362.50,1362.50,1362.50,0.57K,-1.25%
16-Oct-17,1379.70,1382.00,1382.00,1382.00,0.01K,-0.05%
13-Oct-17,1380.40,1372.00,1372.00,1372.00,0.00K,0.59%
12-Oct-17,1372.30,1372.30,1372.30,1372.30,0.01K,0.57%
11-Oct-17,1364.50,1364.50,1364.50,1364.50,0.02K,-0.36%
10-Oct-17,1369.40,1374.70,1374.70,1374.70,0.00K,0.66%
9-Oct-17,1360.40,1362.00,1362.00,1362.00,0.00K,0.77%
6-Oct-17,1350.00,1350.00,1350.00,1350.00,0.05K,0.13%
5-Oct-17,1348.30,1348.30,1348.30,1348.30,0.04K,-0.20%
4-Oct-17,1351.00,1351.00,1351.00,1351.00,0.22K,0.16%
3-Oct-17,1348.80,1353.30,1353.30,1353.30,0.00K,-0.10%
2-Oct-17,1350.10,1350.10,1350.10,1350.10,0.14K,-0.55%
29-Sep-17,1357.60,1357.60,1357.60,1357.60,0.49K,-0.27%
28-Sep-17,1361.30,1361.30,1361.30,1361.30,0.05K,0.04%
27-Sep-17,1360.70,1360.70,1360.70,1360.70,0.02K,-0.98%
26-Sep-17,1374.10,1374.10,1374.10,1374.10,0.04K,-0.68%
25-Sep-17,1383.50,1382.00,1382.00,1382.00,0.00K,1.03%
22-Sep-17,1369.40,1369.40,1369.40,1369.40,0.21K,0.20%
21-Sep-17,1366.70,1367.30,1367.30,1367.30,0.00K,-1.56%
20-Sep-17,1388.30,1388.30,1388.30,1388.30,0.01K,0.41%
19-Sep-17,1382.60,1382.60,1382.60,1382.60,0.05K,0.17%
18-Sep-17,1380.30,1380.30,1380.30,1380.30,0.00K,-1.06%
15-Sep-17,1395.10,1395.10,1395.10,1395.10,0.02K,-0.29%
14-Sep-17,1399.20,1399.20,1399.20,1399.20,0.32K,0.18%
13-Sep-17,1396.70,1396.70,1396.70,1396.70,0.08K,-0.36%
12-Sep-17,1401.80,1406.60,1406.60,1406.60,0.03K,-0.16%
11-Sep-17,1404.10,1404.10,1404.10,1404.10,0.00K,-1.07%
8-Sep-17,1419.30,1419.30,1419.30,1419.30,0.04K,0.09%
7-Sep-17,1418.00,1418.00,1418.00,1418.00,0.03K,0.86%
6-Sep-17,1405.90,1405.90,1405.90,1405.90,0.08K,-0.38%
5-Sep-17,1411.20,1411.20,1411.20,1411.20,0.01K,5.46%
4-Sep-17,1338.08,1341.21,1344.59,1337.01,-,-0.23%
3-Sep-17,1341.22,1340.54,1342.07,1338.96,-,-4.00%
1-Sep-17,1397.10,1397.10,1397.10,1397.10,0.04K,0.62%
31-Aug-17,1388.50,1389.50,1393.70,1389.50,0.00K,0.55%
30-Aug-17,1380.90,1380.90,1380.90,1380.90,0.37K,-0.35%
29-Aug-17,1385.70,1385.70,1385.70,1385.70,0.30K,0.22%
28-Aug-17,1382.60,1381.90,1381.90,1381.90,0.00K,1.30%
25-Aug-17,1364.80,1364.80,1364.80,1364.80,0.28K,0.43%
24-Aug-17,1358.90,1358.90,1358.90,1358.90,0.55K,-0.21%
23-Aug-17,1361.70,1361.70,1361.70,1361.70,0.25K,0.23%
22-Aug-17,1358.60,1358.60,1358.60,1358.60,0.10K,-0.40%
21-Aug-17,1364.10,1364.10,1364.10,1364.10,0.02K,0.39%
18-Aug-17,1358.80,1362.70,1372.50,1362.70,0.00K,-0.08%
17-Aug-17,1359.90,1359.90,1359.90,1359.90,0.04K,0.67%
16-Aug-17,1350.80,1350.80,1350.80,1350.80,0.11K,0.24%
15-Aug-17,1347.50,1347.50,1347.50,1347.50,0.19K,-0.78%
14-Aug-17,1358.10,1358.10,1358.10,1358.10,0.34K,-0.24%
11-Aug-17,1361.40,1361.40,1361.40,1361.40,0.14K,0.27%
10-Aug-17,1357.80,1357.80,1357.80,1357.80,0.61K,0.80%
9-Aug-17,1347.00,1347.00,1347.00,1347.00,0.57K,1.25%
8-Aug-17,1330.40,1330.40,1330.40,1330.40,0.56K,-0.12%
7-Aug-17,1332.00,1326.40,1326.40,1326.40,0.00K,0.02%
4-Aug-17,1331.70,1331.70,1331.70,1331.70,0.52K,-0.74%
3-Aug-17,1341.60,1341.60,1341.60,1341.60,0.00K,-0.29%
2-Aug-17,1345.50,1345.50,1345.50,1345.50,0.39K,-0.06%
1-Aug-17,1346.30,1346.30,1346.30,1346.30,1.06K,0.42%
31-Jul-17,1340.70,1340.70,1340.70,1340.70,7.78K,-0.14%
28-Jul-17,1342.60,1342.60,1342.60,1342.60,64.18K,0.67%
27-Jul-17,1333.70,1333.70,1333.70,1333.70,0.05K,0.85%
26-Jul-17,1322.40,1322.40,1322.40,1322.40,0.00K,-0.06%
25-Jul-17,1323.20,1323.20,1323.20,1323.20,0.02K,-0.17%
24-Jul-17,1325.40,1323.60,1323.60,1323.60,0.00K,-0.04%
21-Jul-17,1325.90,1325.90,1325.90,1325.90,0.02K,0.67%
20-Jul-17,1317.10,1317.10,1317.10,1317.10,0.01K,0.26%
19-Jul-17,1313.70,1313.70,1313.70,1313.70,0.00K,0.02%
18-Jul-17,1313.50,1313.50,1313.50,1313.50,0.03K,0.62%
17-Jul-17,1305.40,1305.40,1305.40,1305.40,0.01K,0.51%
14-Jul-17,1298.80,1289.00,1289.00,1289.00,0.00K,0.80%
13-Jul-17,1288.50,1288.50,1288.50,1288.50,0.01K,-0.21%
12-Jul-17,1291.20,1291.20,1291.20,1291.20,0.01K,0.27%
11-Jul-17,1287.70,1287.70,1287.70,1287.70,0.01K,0.13%
10-Jul-17,1286.00,1286.00,1286.00,1286.00,0.03K,0.28%
7-Jul-17,1282.40,1282.30,1282.30,1282.30,0.00K,-1.10%
6-Jul-17,1296.70,1296.70,1296.70,1296.70,0.00K,0.22%
5-Jul-17,1293.90,1293.90,1293.90,1293.90,0.00K,5.41%
4-Jul-17,1227.55,1224.30,1228.03,1221.49,-,-4.91%
3-Jul-17,1290.90,1289.90,1289.90,1289.00,0.02K,-1.76%
30-Jun-17,1314.00,1314.00,1314.00,1314.00,0.04K,-0.28%
29-Jun-17,1317.70,1322.80,1322.80,1313.70,0.00K,-0.23%
28-Jun-17,1320.80,1320.80,1320.80,1320.80,0.01K,0.18%
27-Jun-17,1318.40,1318.40,1318.40,1318.40,0.11K,0.05%
26-Jun-17,1317.70,1317.70,1317.70,1317.70,0.19K,-0.75%
23-Jun-17,1327.70,1327.70,1327.70,1327.70,0.00K,0.55%
22-Jun-17,1320.40,1320.40,1320.40,1320.40,0.16K,0.25%
21-Jun-17,1317.10,1317.10,1317.10,1317.10,0.01K,0.14%
20-Jun-17,1315.20,1315.20,1315.20,1315.20,0.08K,-0.27%
19-Jun-17,1318.80,1318.80,1318.80,1318.80,0.11K,-0.73%
16-Jun-17,1328.50,1328.50,1328.50,1328.50,0.03K,0.13%
15-Jun-17,1326.80,1326.80,1326.80,1326.80,0.74K,-1.59%
14-Jun-17,1348.20,1348.20,1348.20,1348.20,0.34K,0.52%
13-Jun-17,1341.20,1342.80,1342.80,1342.80,0.00K,-0.02%
12-Jun-17,1341.50,1341.50,1341.50,1341.50,0.26K,-0.18%
9-Jun-17,1343.90,1343.90,1343.90,1343.90,0.00K,-0.59%
8-Jun-17,1351.90,1351.90,1351.90,1351.90,0.32K,-1.00%
7-Jun-17,1365.60,1365.60,1365.60,1365.60,0.64K,-0.32%
6-Jun-17,1370.00,1370.00,1370.00,1370.00,0.94K,1.06%
5-Jun-17,1355.60,1355.60,1355.60,1355.60,0.43K,0.18%
2-Jun-17,1353.10,1353.10,1353.10,1353.10,1.73K,0.74%
1-Jun-17,1343.20,1343.20,1343.20,1343.20,0.83K,-0.39%
31-May-17,1348.50,1348.50,1348.50,1348.50,2.71K,0.70%
30-May-17,1339.10,1339.10,1339.10,1339.10,129.82K,5.72%
29-May-17,1266.69,1268.02,1268.60,1264.96,-,-0.12%
28-May-17,1268.22,1266.31,1269.02,1266.31,-,-5.69%
26-May-17,1344.80,1344.80,1344.80,1344.80,0.00K,0.86%
25-May-17,1333.30,1333.30,1333.30,1333.30,0.01K,0.27%
24-May-17,1329.70,1329.70,1329.70,1329.70,0.01K,-0.18%
23-May-17,1332.10,1332.10,1332.10,1332.10,0.02K,-0.44%
22-May-17,1338.00,1338.00,1338.00,1338.00,0.01K,0.61%
19-May-17,1329.90,1329.90,1329.90,1329.90,0.01K,0.05%
18-May-17,1329.20,1339.80,1340.00,1339.80,0.04K,-0.52%
17-May-17,1336.20,1336.20,1336.20,1336.20,0.03K,1.66%
16-May-17,1314.40,1312.70,1312.70,1312.70,0.00K,0.49%
15-May-17,1308.00,1307.50,1308.00,1307.50,0.00K,0.18%
12-May-17,1305.70,1305.70,1305.70,1305.70,0.03K,0.21%
11-May-17,1302.90,1302.90,1302.90,1302.90,0.01K,0.41%
10-May-17,1297.60,1305.00,1305.20,1305.00,0.01K,0.19%
9-May-17,1295.10,1306.10,1306.10,1303.20,0.01K,-0.84%
8-May-17,1306.10,1306.10,1306.10,1306.10,0.04K,0.02%
5-May-17,1305.80,1305.80,1305.80,1305.80,0.02K,-0.12%
4-May-17,1307.40,1312.10,1312.10,1312.10,0.00K,-1.52%
3-May-17,1327.60,1326.90,1326.90,1326.90,0.00K,-0.64%
2-May-17,1336.10,1336.10,1336.10,1336.10,0.09K,0.11%
1-May-17,1334.60,1334.60,1334.60,1334.60,0.03K,-0.93%
28-Apr-17,1347.10,1347.10,1347.10,1347.10,0.09K,0.18%
27-Apr-17,1344.70,1344.70,1344.70,1344.70,0.21K,0.13%
26-Apr-17,1343.00,1343.00,1343.00,1343.00,0.10K,-0.22%
25-Apr-17,1346.00,1346.00,1346.00,1346.00,0.36K,-0.72%
24-Apr-17,1355.80,1355.80,1355.80,1355.80,0.61K,-0.82%
21-Apr-17,1367.00,1359.80,1378.00,1359.80,0.00K,0.39%
20-Apr-17,1361.70,1361.70,1361.70,1361.70,0.13K,0.09%
19-Apr-17,1360.50,1360.50,1360.50,1360.50,0.19K,-0.76%
18-Apr-17,1370.90,1370.90,1370.90,1370.90,0.00K,0.08%
17-Apr-17,1369.80,1369.80,1369.80,1369.80,0.07K,6.21%
14-Apr-17,1289.65,1289.65,1289.65,1289.65,-,-5.64%
13-Apr-17,1366.70,1366.70,1366.70,1366.70,0.92K,0.69%
12-Apr-17,1357.30,1357.30,1357.30,1357.30,0.00K,0.29%
11-Apr-17,1353.40,1353.40,1353.40,1353.40,0.40K,1.51%
10-Apr-17,1333.30,1333.30,1333.30,1333.30,0.18K,-0.26%
7-Apr-17,1336.80,1336.80,1336.80,1336.80,0.00K,0.33%
6-Apr-17,1332.40,1332.40,1332.40,1332.40,0.00K,0.37%
5-Apr-17,1327.50,1327.50,1327.50,1327.50,0.91K,-0.70%
4-Apr-17,1336.80,1333.10,1333.10,1333.10,0.00K,0.31%
3-Apr-17,1332.70,1332.70,1332.70,1332.70,1.16K,0.22%
31-Mar-17,1329.80,1339.00,1339.00,1339.00,0.00K,0.23%
30-Mar-17,1326.70,1344.00,1344.00,1341.30,0.00K,-0.66%
29-Mar-17,1335.50,1335.50,1335.50,1335.50,0.04K,-0.15%
28-Mar-17,1337.50,1338.70,1338.70,1338.70,0.00K,0.01%
27-Mar-17,1337.40,1337.40,1337.40,1337.40,0.07K,0.53%
24-Mar-17,1330.40,1330.40,1330.40,1330.40,0.00K,0.14%
23-Mar-17,1328.50,1328.50,1328.50,1328.50,0.02K,-0.23%
22-Mar-17,1331.50,1331.50,1331.50,1331.50,0.00K,0.19%
21-Mar-17,1329.00,1316.50,1316.50,1316.50,0.00K,0.90%
20-Mar-17,1317.20,1317.20,1317.20,1317.20,0.02K,0.27%
17-Mar-17,1313.60,1313.60,1313.60,1313.60,0.03K,0.22%
16-Mar-17,1310.70,1310.70,1310.70,1310.70,0.05K,2.06%
15-Mar-17,1284.30,1284.30,1284.30,1284.30,0.04K,-0.16%
14-Mar-17,1286.30,1286.30,1286.30,1286.30,0.02K,-0.02%
13-Mar-17,1286.60,1294.00,1294.00,1294.00,0.02K,0.20%
10-Mar-17,1284.00,1284.00,1284.00,1284.00,0.00K,-0.13%
9-Mar-17,1285.70,1285.70,1285.70,1285.70,0.04K,-0.48%
8-Mar-17,1291.90,1291.90,1291.90,1291.90,0.02K,-0.45%
7-Mar-17,1297.70,1307.60,1307.60,1307.50,0.03K,-0.73%
6-Mar-17,1307.30,1307.30,1307.30,1307.30,0.03K,-0.11%
3-Mar-17,1308.80,1308.80,1308.80,1308.80,0.12K,-0.39%
2-Mar-17,1313.90,1313.90,1313.90,1313.90,0.08K,-1.29%
1-Mar-17,1331.10,1331.10,1331.10,1331.10,0.14K,-0.24%
28-Feb-17,1334.30,1334.30,1334.30,1334.30,0.72K,-0.36%
27-Feb-17,1339.10,1339.10,1339.10,1339.10,0.54K,0.05%
24-Feb-17,1338.40,1338.40,1338.40,1338.40,0.09K,0.50%
23-Feb-17,1331.70,1331.70,1331.70,1331.70,0.03K,1.40%
22-Feb-17,1313.30,1313.30,1313.30,1313.30,0.00K,-0.45%
21-Feb-17,1319.20,1319.20,1319.20,1319.20,0.00K,6.54%
20-Feb-17,1238.20,1237.25,1240.15,1233.50,-,0.07%
19-Feb-17,1237.30,1236.00,1239.25,1236.00,-,-6.22%
17-Feb-17,1319.40,1319.40,1319.40,1319.40,0.30K,-0.25%
16-Feb-17,1322.70,1322.70,1322.70,1322.70,0.00K,0.65%
15-Feb-17,1314.20,1314.20,1314.20,1314.20,0.18K,0.71%
14-Feb-17,1304.90,1304.90,1304.90,1304.90,0.16K,0.00%
13-Feb-17,1304.90,1304.90,1304.90,1304.90,0.40K,-0.73%
10-Feb-17,1314.50,1319.00,1319.00,1319.00,0.00K,-0.07%
9-Feb-17,1315.40,1315.40,1315.40,1315.40,0.89K,-0.22%
8-Feb-17,1318.30,1323.90,1323.90,1323.90,0.00K,0.14%
7-Feb-17,1316.40,1314.10,1314.10,1314.10,0.00K,0.24%
6-Feb-17,1313.30,1313.30,1313.30,1313.30,0.91K,0.85%
3-Feb-17,1302.20,1302.20,1302.20,1302.20,0.87K,0.12%
2-Feb-17,1300.60,1300.60,1300.60,1300.60,1.51K,0.86%
1-Feb-17,1289.50,1289.00,1291.00,1289.00,0.00K,-0.18%
31-Jan-17,1291.80,1291.80,1291.80,1291.80,3.21K,1.21%
30-Jan-17,1276.40,1276.40,1276.40,1276.40,50.50K,0.37%
27-Jan-17,1271.70,1271.70,1271.70,1271.70,0.02K,-0.09%
26-Jan-17,1272.90,1275.10,1275.10,1275.10,0.01K,-0.64%
25-Jan-17,1281.10,1281.10,1281.10,1281.10,0.40K,-1.00%
24-Jan-17,1294.10,1299.60,1299.60,1295.40,0.01K,-0.37%
23-Jan-17,1298.90,1298.90,1298.90,1298.90,0.02K,0.75%
20-Jan-17,1289.20,1289.20,1289.20,1289.20,0.04K,0.29%
19-Jan-17,1285.50,1284.00,1284.00,1284.00,0.00K,-0.79%
18-Jan-17,1295.70,1295.70,1295.70,1295.70,0.11K,-0.13%
17-Jan-17,1297.40,1297.40,1297.40,1297.40,0.08K,7.86%
16-Jan-17,1202.85,1203.25,1208.45,1200.00,-,-0.04%
15-Jan-17,1203.35,1197.30,1205.05,1197.30,-,-6.08%
13-Jan-17,1281.30,1281.30,1281.30,1281.30,0.02K,-0.16%
12-Jan-17,1283.30,1283.30,1283.30,1283.30,0.11K,0.26%
11-Jan-17,1280.00,1280.00,1280.00,1280.00,0.02K,0.91%
10-Jan-17,1268.50,1268.50,1268.50,1268.50,0.00K,0.07%
9-Jan-17,1267.60,1262.80,1262.80,1262.80,0.00K,0.95%
6-Jan-17,1255.70,1256.00,1256.00,1256.00,0.01K,-0.51%
5-Jan-17,1262.10,1262.10,1262.10,1262.10,0.01K,1.20%
4-Jan-17,1247.10,1247.10,1247.10,1247.10,0.04K,0.19%
3-Jan-17,1244.70,1232.40,1234.00,1232.40,0.00K,8.14%
2-Jan-17,1151.05,1151.00,1153.25,1150.00,-,-6.76%
30-Dec-16,1234.50,1239.00,1239.00,1239.00,0.00K,-0.54%
29-Dec-16,1241.20,1241.20,1241.20,1241.20,0.95K,1.41%
28-Dec-16,1224.00,1224.00,1224.00,1224.00,0.21K,0.17%
27-Dec-16,1221.90,1221.90,1221.90,1221.90,0.00K,7.70%
26-Dec-16,1134.55,1135.00,1136.05,1134.00,-,-0.04%
25-Dec-16,1135.00,1135.00,1135.00,1135.00,-,-6.72%
23-Dec-16,1216.80,1216.80,1216.80,1216.80,0.00K,0.25%
22-Dec-16,1213.80,1213.80,1213.80,1213.80,0.10K,-0.22%
21-Dec-16,1216.50,1216.50,1216.50,1216.50,0.05K,-0.04%
20-Dec-16,1217.00,1217.00,1217.00,1217.00,0.00K,-0.73%
19-Dec-16,1225.90,1225.90,1225.90,1225.90,0.25K,0.41%
16-Dec-16,1220.90,1220.90,1220.90,1220.90,0.15K,0.64%
15-Dec-16,1213.10,1213.10,1213.10,1213.10,0.00K,-2.04%
14-Dec-16,1238.30,1238.30,1238.30,1238.30,0.01K,0.38%
13-Dec-16,1233.60,1233.60,1233.60,1233.60,0.64K,-0.54%
12-Dec-16,1240.30,1240.30,1240.30,1240.30,0.33K,0.35%
9-Dec-16,1236.00,1236.00,1236.00,1236.00,0.37K,-0.83%
8-Dec-16,1246.40,1246.40,1246.40,1246.40,0.32K,-0.34%
7-Dec-16,1250.60,1250.60,1250.60,1250.60,0.18K,1.26%
6-Dec-16,1235.00,1235.00,1235.00,1235.00,0.65K,-0.54%
5-Dec-16,1241.70,1236.70,1236.70,1236.70,0.00K,-0.06%
2-Dec-16,1242.40,1242.40,1242.40,1242.40,1.52K,0.71%
1-Dec-16,1233.70,1233.70,1233.70,1233.70,1.59K,-0.38%
30-Nov-16,1238.40,1238.40,1238.40,1238.40,7.16K,-1.36%
29-Nov-16,1255.50,1255.50,1255.50,1255.50,42.12K,-0.25%
28-Nov-16,1258.60,1258.60,1258.60,1258.60,0.02K,1.05%
25-Nov-16,1245.50,1245.50,1245.50,1245.50,0.01K,5.06%
24-Nov-16,1185.55,1189.20,1190.30,1179.75,-,-5.68%
23-Nov-16,1256.90,1256.90,1256.90,1256.90,0.31K,-1.65%
22-Nov-16,1278.00,1278.00,1278.00,1278.00,0.02K,0.09%
21-Nov-16,1276.80,1276.80,1276.80,1276.80,-,0.03%
18-Nov-16,1276.40,1276.40,1276.40,1276.40,0.61K,-0.58%
17-Nov-16,1283.80,1283.80,1283.80,1283.80,1.14K,-0.50%
16-Nov-16,1290.30,1290.30,1290.30,1290.30,0.07K,-0.05%
15-Nov-16,1290.90,1290.90,1290.90,1290.90,0.02K,0.31%
14-Nov-16,1286.90,1286.90,1286.90,1286.90,0.00K,0.33%
11-Nov-16,1282.70,1282.70,1282.70,1282.70,0.60K,-3.31%
10-Nov-16,1326.60,1326.60,1326.60,1326.60,0.06K,-0.68%
9-Nov-16,1335.70,1334.00,1334.00,1334.00,0.00K,-0.04%
8-Nov-16,1336.20,1336.20,1336.20,1336.20,0.05K,-0.31%
7-Nov-16,1340.40,1340.40,1340.40,1340.40,0.03K,-1.85%
4-Nov-16,1365.70,1365.70,1365.70,1365.70,0.01K,0.14%
3-Nov-16,1363.80,1363.80,1363.80,1363.80,0.07K,-0.31%
2-Nov-16,1368.00,1368.00,1368.00,1368.00,0.03K,1.48%
1-Nov-16,1348.00,1348.00,1348.00,1348.00,0.15K,1.07%
31-Oct-16,1333.70,1333.70,1333.70,1333.70,0.06K,-0.25%
28-Oct-16,1337.10,1337.10,1337.10,1337.10,0.56K,0.53%
27-Oct-16,1330.00,1330.00,1330.00,1330.00,0.00K,0.41%
26-Oct-16,1324.60,1324.60,1324.60,1324.60,0.28K,-0.53%
25-Oct-16,1331.60,1331.60,1331.60,1331.60,0.06K,1.09%
24-Oct-16,1317.20,1317.20,1317.20,1317.20,0.04K,-0.44%
21-Oct-16,1323.00,1323.00,1323.00,1323.00,0.22K,-0.04%
20-Oct-16,1323.50,1323.50,1323.50,1323.50,0.42K,-0.13%
19-Oct-16,1325.20,1325.20,1325.20,1325.20,0.22K,0.50%
18-Oct-16,1318.60,1318.60,1318.60,1318.60,0.01K,0.52%
17-Oct-16,1311.80,1311.80,1311.80,1311.80,0.04K,0.11%
14-Oct-16,1310.40,1310.40,1310.40,1310.40,0.31K,-0.14%
13-Oct-16,1312.30,1312.30,1312.30,1312.30,0.32K,0.35%
12-Oct-16,1307.70,1307.70,1307.70,1307.70,0.13K,-0.14%
11-Oct-16,1309.50,1309.50,1309.50,1309.50,0.03K,-0.33%
10-Oct-16,1313.90,1313.90,1313.90,1313.90,0.03K,0.72%
7-Oct-16,1304.50,1304.50,1304.50,1304.50,0.17K,-0.08%
6-Oct-16,1305.50,1305.50,1305.50,1305.50,0.11K,-1.20%
5-Oct-16,1321.30,1321.30,1321.30,1321.30,0.25K,-0.06%
4-Oct-16,1322.10,1322.10,1322.10,1322.10,1.89K,-3.21%
3-Oct-16,1365.90,1365.90,1365.90,1365.90,0.30K,-0.33%
30-Sep-16,1370.40,1383.50,1383.50,1383.50,0.00K,-0.63%
29-Sep-16,1379.10,1379.10,1379.10,1379.10,6.11K,0.17%
28-Sep-16,1376.70,1376.70,1376.70,1376.70,0.03K,-0.56%
27-Sep-16,1384.40,1384.40,1384.40,1384.40,0.05K,-1.02%
26-Sep-16,1398.60,1398.60,1398.60,1398.60,0.03K,0.19%
23-Sep-16,1396.00,1396.00,1396.00,1396.00,0.04K,-0.23%
22-Sep-16,1399.20,1399.20,1399.20,1399.20,0.02K,0.79%
21-Sep-16,1388.30,1388.30,1388.30,1388.30,0.08K,0.99%
20-Sep-16,1374.70,1374.70,1374.70,1374.70,0.10K,0.02%
19-Sep-16,1374.40,1374.40,1374.40,1374.40,0.02K,0.53%
16-Sep-16,1367.10,1367.10,1367.10,1367.10,0.00K,-0.57%
15-Sep-16,1374.90,1379.30,1379.30,1378.00,0.00K,-0.61%
14-Sep-16,1383.30,1386.70,1386.70,1379.20,0.01K,0.18%
13-Sep-16,1380.80,1380.80,1380.80,1380.80,0.25K,-0.26%
12-Sep-16,1384.40,1384.40,1384.40,1384.40,0.18K,-0.62%
9-Sep-16,1393.10,1393.10,1393.10,1393.10,0.04K,-0.51%
8-Sep-16,1400.20,1400.20,1400.20,1400.20,0.03K,-0.49%
7-Sep-16,1407.10,1407.10,1407.10,1407.10,0.01K,-0.28%
6-Sep-16,1411.10,1411.10,1411.10,1411.10,0.05K,6.01%
5-Sep-16,1331.10,1326.35,1332.15,1325.55,-,0.37%
4-Sep-16,1326.25,1328.20,1328.75,1326.15,-,-4.26%
2-Sep-16,1385.30,1385.30,1385.30,1385.30,0.06K,0.93%
1-Sep-16,1372.60,1372.60,1372.60,1372.60,0.23K,0.34%
31-Aug-16,1367.90,1367.90,1367.90,1367.90,0.21K,-0.48%
30-Aug-16,1374.50,1374.50,1374.50,1374.50,0.71K,-0.72%
29-Aug-16,1384.40,1384.40,1384.40,1384.40,0.04K,0.09%
26-Aug-16,1383.20,1383.20,1383.20,1383.20,0.14K,-0.06%
25-Aug-16,1384.00,1384.40,1384.40,1384.40,0.00K,-0.46%
24-Aug-16,1390.40,1389.00,1389.00,1389.00,0.00K,-1.24%
23-Aug-16,1407.80,1407.80,1407.80,1407.80,0.55K,0.19%
22-Aug-16,1405.20,1405.20,1405.20,1405.20,0.12K,-0.20%
19-Aug-16,1408.00,1408.00,1408.00,1408.00,0.20K,-0.78%
18-Aug-16,1419.10,1419.10,1419.10,1419.10,0.14K,0.60%
17-Aug-16,1410.60,1410.60,1410.60,1410.60,0.14K,-0.59%
16-Aug-16,1419.00,1410.70,1410.70,1410.70,0.00K,0.60%
15-Aug-16,1410.60,1410.60,1410.60,1410.60,0.00K,0.27%
12-Aug-16,1406.80,1406.80,1406.80,1406.80,0.11K,-0.51%
11-Aug-16,1414.00,1414.00,1414.00,1414.00,0.67K,-0.11%
10-Aug-16,1415.60,1415.60,1415.60,1415.60,0.11K,0.35%
9-Aug-16,1410.60,1409.90,1409.90,1409.90,0.00K,0.38%
8-Aug-16,1405.30,1405.30,1405.30,1405.30,0.59K,-0.18%
5-Aug-16,1407.90,1407.90,1407.90,1407.90,1.11K,-1.40%
4-Aug-16,1427.90,1427.90,1427.90,1427.90,0.38K,0.28%
3-Aug-16,1423.90,1423.90,1423.90,1423.90,0.72K,-0.38%
2-Aug-16,1429.40,1429.40,1429.40,1429.40,0.05K,0.93%
1-Aug-16,1416.20,1416.20,1416.20,1416.20,0.00K,0.04%
29-Jul-16,1415.70,1415.70,1415.70,1415.70,6.08K,1.21%
28-Jul-16,1398.80,1402.80,1402.80,1402.80,0.00K,0.49%
27-Jul-16,1392.00,1392.00,1392.00,1392.00,0.00K,0.68%
26-Jul-16,1382.60,1382.60,1382.60,1382.60,0.05K,0.09%
25-Jul-16,1381.30,1381.30,1381.30,1381.30,0.55K,-0.30%
22-Jul-16,1385.50,1385.50,1385.50,1385.50,0.06K,-0.48%
21-Jul-16,1392.20,1392.20,1392.20,1392.20,0.32K,0.91%
20-Jul-16,1379.70,1379.70,1379.70,1379.70,0.75K,-0.90%
19-Jul-16,1392.30,1392.30,1392.30,1392.30,0.35K,0.50%
18-Jul-16,1385.40,1385.40,1385.40,1385.40,0.05K,0.14%
15-Jul-16,1383.50,1383.50,1383.50,1383.50,0.05K,-0.30%
14-Jul-16,1387.70,1387.70,1387.70,1387.70,0.02K,-0.81%
13-Jul-16,1399.00,1399.00,1399.00,1399.00,0.00K,0.60%
12-Jul-16,1390.70,1390.70,1390.70,1390.70,0.25K,-1.46%
11-Jul-16,1411.30,1411.30,1411.30,1411.30,0.03K,-0.05%
8-Jul-16,1412.00,1412.00,1412.00,1412.00,0.25K,-0.21%
7-Jul-16,1415.00,1415.00,1415.00,1415.00,0.21K,-0.55%
6-Jul-16,1422.80,1422.80,1422.80,1422.80,0.00K,0.59%
5-Jul-16,1414.40,1414.40,1414.40,1414.40,0.00K,4.62%
4-Jul-16,1352.00,1345.00,1360.15,1343.00,-,0.48%
3-Jul-16,1345.50,1344.50,1347.55,1338.85,-,-3.50%
1-Jul-16,1394.30,1394.30,1394.30,1394.30,0.00K,1.40%
30-Jun-16,1375.00,1375.00,1375.00,1375.00,0.56K,-0.46%
29-Jun-16,1381.40,1381.40,1381.40,1381.40,0.41K,0.67%
28-Jun-16,1372.20,1372.20,1372.20,1372.20,0.02K,-0.48%
27-Jun-16,1378.80,1378.80,1378.80,1378.80,0.09K,0.15%
24-Jun-16,1376.80,1376.80,1376.80,1376.80,0.69K,4.49%
23-Jun-16,1317.70,1317.70,1317.70,1317.70,0.22K,-0.33%
22-Jun-16,1322.10,1322.10,1322.10,1322.10,0.05K,-0.19%
21-Jun-16,1324.60,1324.60,1324.60,1324.60,0.13K,-1.46%
20-Jun-16,1344.20,1344.20,1344.20,1344.20,0.05K,0.10%
17-Jun-16,1342.90,1342.90,1342.90,1342.90,0.13K,-0.20%
16-Jun-16,1345.60,1345.60,1345.60,1345.60,0.25K,0.79%
15-Jun-16,1335.00,1335.00,1335.00,1335.00,0.00K,-0.01%
14-Jun-16,1335.20,1335.20,1335.20,1335.20,0.55K,-0.19%
13-Jun-16,1337.70,1337.70,1337.70,1337.70,0.33K,0.75%
10-Jun-16,1327.70,1327.70,1327.70,1327.70,0.01K,0.25%
9-Jun-16,1324.40,1324.40,1324.40,1324.40,0.38K,0.79%
8-Jun-16,1314.00,1314.00,1314.00,1314.00,0.41K,1.17%
7-Jun-16,1298.80,1298.80,1298.80,1298.80,0.28K,-0.05%
6-Jun-16,1299.40,1299.40,1299.40,1299.40,1.14K,0.37%
3-Jun-16,1294.60,1294.60,1294.60,1294.60,0.00K,2.35%
2-Jun-16,1264.90,1264.90,1264.90,1264.90,1.63K,-0.18%
1-Jun-16,1267.20,1267.20,1267.20,1267.20,2.72K,-0.17%
31-May-16,1269.30,1269.30,1269.30,1269.30,6.43K,4.71%
30-May-16,1212.15,1208.25,1213.15,1201.80,-,-4.37%
27-May-16,1267.60,1267.60,1267.60,1267.60,63.74K,-0.47%
26-May-16,1273.60,1273.60,1273.60,1273.60,0.00K,-0.30%
25-May-16,1277.40,1277.40,1277.40,1277.40,0.01K,-0.41%
24-May-16,1282.70,1282.70,1282.70,1282.70,0.02K,-1.70%
23-May-16,1304.90,1304.90,1304.90,1304.90,0.06K,-0.08%
20-May-16,1305.90,1305.90,1305.90,1305.90,0.04K,0.00%
19-May-16,1305.90,1305.90,1305.90,1305.90,0.07K,-1.39%
18-May-16,1324.30,1324.30,1324.30,1324.30,0.02K,-0.05%
17-May-16,1324.90,1324.90,1324.90,1324.90,0.02K,0.23%
16-May-16,1321.80,1321.80,1321.80,1321.80,0.04K,0.17%
13-May-16,1319.50,1319.50,1319.50,1319.50,0.07K,0.14%
12-May-16,1317.70,1317.70,1317.70,1317.70,0.10K,-0.37%
11-May-16,1322.60,1322.60,1322.60,1322.60,0.01K,0.86%
10-May-16,1311.30,1311.30,1311.30,1311.30,0.02K,-0.12%
9-May-16,1312.90,1312.90,1312.90,1312.90,0.34K,-2.03%
6-May-16,1340.10,1340.10,1340.10,1340.10,0.31K,1.69%
5-May-16,1317.80,1317.80,1317.80,1317.80,0.33K,-0.49%
4-May-16,1324.30,1324.30,1324.30,1324.30,0.11K,-1.38%
3-May-16,1342.80,1342.80,1342.80,1342.80,0.00K,-0.33%
2-May-16,1347.30,1347.30,1347.30,1347.30,0.19K,0.44%
29-Apr-16,1341.40,1341.40,1341.40,1341.40,0.46K,1.87%
28-Apr-16,1316.80,1316.80,1316.80,1316.80,0.30K,1.31%
27-Apr-16,1299.80,1299.80,1299.80,1299.80,0.04K,0.57%
26-Apr-16,1292.40,1292.40,1292.40,1292.40,0.10K,0.26%
25-Apr-16,1289.10,1289.10,1289.10,1289.10,0.44K,0.81%
22-Apr-16,1278.80,1278.80,1278.80,1278.80,0.19K,-1.59%
21-Apr-16,1299.50,1299.50,1299.50,1299.50,0.12K,-0.22%
20-Apr-16,1302.30,1302.30,1302.30,1302.30,0.18K,0.12%
19-Apr-16,1300.80,1300.80,1300.80,1300.80,0.39K,1.60%
18-Apr-16,1280.30,1280.30,1280.30,1280.30,0.00K,0.05%
15-Apr-16,1279.70,1279.70,1279.70,1279.70,0.10K,0.60%
14-Apr-16,1272.10,1272.10,1272.10,1272.10,0.26K,-1.68%
13-Apr-16,1293.90,1293.90,1293.90,1293.90,0.20K,-0.96%
12-Apr-16,1306.40,1306.40,1306.40,1306.40,0.19K,0.31%
11-Apr-16,1302.40,1302.40,1302.40,1302.40,0.44K,1.17%
8-Apr-16,1287.30,1287.30,1287.30,1287.30,0.41K,0.39%
7-Apr-16,1282.30,1282.30,1282.30,1282.30,0.38K,1.06%
6-Apr-16,1268.80,1268.80,1268.80,1268.80,0.25K,-0.45%
5-Apr-16,1274.50,1274.50,1274.50,1274.50,0.48K,0.77%
4-Apr-16,1264.70,1264.70,1264.70,1264.70,2.04K,-0.33%
1-Apr-16,1268.90,1268.90,1268.90,1268.90,1.60K,-0.94%
31-Mar-16,1280.90,1280.90,1280.90,1280.90,3.38K,0.31%
30-Mar-16,1276.90,1276.90,1276.90,1276.90,48.25K,-0.73%
29-Mar-16,1286.30,1286.30,1286.30,1286.30,0.04K,1.23%
28-Mar-16,1270.70,1270.70,1270.70,1270.70,0.03K,4.44%
25-Mar-16,1216.70,1216.70,1216.70,1216.70,-,-4.38%
24-Mar-16,1272.40,1272.40,1272.40,1272.40,0.01K,-0.13%
23-Mar-16,1274.00,1299.00,1299.00,1269.70,0.01K,-1.91%
22-Mar-16,1298.80,1298.80,1298.80,1298.80,0.02K,0.47%
21-Mar-16,1292.70,1292.70,1292.70,1292.70,1.06K,-0.71%
18-Mar-16,1302.00,1302.00,1302.00,1302.00,0.00K,-0.92%
17-Mar-16,1314.10,1314.10,1314.10,1314.10,0.03K,2.59%
16-Mar-16,1280.90,1280.90,1280.90,1280.90,0.05K,0.05%
15-Mar-16,1280.20,1280.20,1280.20,1280.20,0.04K,-1.10%
14-Mar-16,1294.40,1285.00,1286.40,1285.00,0.00K,-1.09%
11-Mar-16,1308.60,1308.60,1308.60,1308.60,0.09K,-0.87%
10-Mar-16,1320.10,1299.00,1299.00,1299.00,0.00K,1.28%
9-Mar-16,1303.40,1304.00,1304.00,1304.00,0.00K,-0.43%
8-Mar-16,1309.00,1309.00,1309.00,1309.00,0.00K,-0.10%
7-Mar-16,1310.30,1310.30,1310.30,1310.30,0.07K,-0.40%
4-Mar-16,1315.60,1315.60,1315.60,1315.60,0.00K,1.15%
3-Mar-16,1300.70,1300.70,1300.70,1300.70,0.12K,1.38%
2-Mar-16,1283.00,1283.00,1283.00,1283.00,0.27K,0.93%
1-Mar-16,1271.20,1271.20,1271.20,1271.20,0.48K,-0.16%
29-Feb-16,1273.30,1273.30,1273.30,1273.30,0.58K,1.15%
26-Feb-16,1258.80,1258.80,1258.80,1258.80,0.66K,-1.43%
25-Feb-16,1277.00,1277.00,1277.00,1277.00,0.00K,-0.01%
24-Feb-16,1277.10,1277.10,1277.10,1277.10,0.11K,1.24%
23-Feb-16,1261.40,1261.40,1261.40,1261.40,0.35K,1.18%
22-Feb-16,1246.70,1246.00,1246.00,1246.00,0.00K,-1.63%
19-Feb-16,1267.40,1267.40,1267.40,1267.40,0.08K,0.39%
18-Feb-16,1262.50,1262.50,1262.50,1262.50,0.32K,1.23%
17-Feb-16,1247.20,1247.20,1247.20,1247.20,0.05K,0.49%
16-Feb-16,1241.10,1230.00,1230.00,1230.00,0.00K,2.73%
15-Feb-16,1208.10,1234.00,1235.10,1202.80,-,-2.07%
14-Feb-16,1233.60,1235.70,1235.90,1231.40,-,-2.96%
12-Feb-16,1271.20,1271.20,1271.20,1271.20,0.01K,-0.85%
11-Feb-16,1282.10,1269.00,1269.00,1269.00,0.00K,4.02%
10-Feb-16,1232.60,1232.60,1232.60,1232.60,0.67K,-0.35%
9-Feb-16,1236.90,1236.90,1236.90,1236.90,0.70K,-0.10%
8-Feb-16,1238.20,1243.80,1243.80,1243.80,0.00K,3.36%
5-Feb-16,1198.00,1220.40,1220.40,1220.40,0.00K,0.03%
4-Feb-16,1197.70,1197.70,1197.70,1197.70,0.77K,1.22%
3-Feb-16,1183.30,1183.30,1183.30,1183.30,1.63K,1.13%
2-Feb-16,1170.10,1170.10,1170.10,1170.10,1.23K,-0.29%
1-Feb-16,1173.50,1173.50,1173.50,1173.50,1.68K,1.00%
29-Jan-16,1161.90,1161.90,1161.90,1161.90,0.00K,-0.15%
28-Jan-16,1163.70,1163.70,1163.70,1163.70,52.86K,-0.02%
27-Jan-16,1163.90,1163.90,1163.90,1163.90,0.01K,-0.29%
26-Jan-16,1167.30,1167.30,1167.30,1167.30,0.18K,1.29%
25-Jan-16,1152.40,1152.40,1152.40,1152.40,0.01K,0.86%
22-Jan-16,1142.60,1142.60,1142.60,1142.60,0.00K,-0.09%
21-Jan-16,1143.60,1143.60,1143.60,1143.60,0.02K,-0.70%
20-Jan-16,1151.70,1151.70,1151.70,1151.70,0.03K,1.40%
19-Jan-16,1135.80,1135.80,1135.80,1135.80,0.02K,4.35%
18-Jan-16,1088.50,1090.20,1093.30,1087.40,-,-0.17%
17-Jan-16,1090.30,1088.60,1090.80,1088.60,-,-4.15%
15-Jan-16,1137.50,1137.50,1137.50,1137.50,0.04K,1.29%
14-Jan-16,1123.00,1123.00,1123.00,1123.00,0.06K,-1.27%
13-Jan-16,1137.40,1137.40,1137.40,1137.40,0.05K,0.03%
12-Jan-16,1137.10,1137.10,1137.10,1137.10,0.09K,-0.99%
11-Jan-16,1148.50,1148.50,1148.50,1148.50,0.04K,-0.28%
8-Jan-16,1151.70,1151.70,1151.70,1151.70,0.10K,-0.95%
7-Jan-16,1162.70,1162.70,1162.70,1162.70,0.12K,0.94%
6-Jan-16,1151.90,1151.90,1151.90,1151.90,0.05K,1.19%
5-Jan-16,1138.40,1138.40,1138.40,1138.40,0.08K,0.26%
4-Jan-16,1135.50,1135.50,1135.50,1135.50,0.14K,1.29%
31-Dec-15,1121.00,1121.00,1121.00,1121.00,0.01K,0.02%
30-Dec-15,1120.80,1120.80,1120.80,1120.80,0.00K,-0.69%
29-Dec-15,1128.60,1128.60,1128.60,1128.60,0.00K,0.04%
28-Dec-15,1128.10,1128.10,1128.10,1128.10,0.36K,-0.69%
24-Dec-15,1135.90,1135.90,1135.90,1135.90,0.02K,0.68%
23-Dec-15,1128.20,1128.20,1128.20,1128.20,0.20K,-0.51%
22-Dec-15,1134.00,1134.00,1134.00,1134.00,0.11K,-0.57%
21-Dec-15,1140.50,1140.50,1140.50,1140.50,0.00K,1.53%
18-Dec-15,1123.30,1123.30,1123.30,1123.30,0.25K,1.37%
17-Dec-15,1108.10,1108.10,1108.10,1108.10,0.06K,-2.40%
16-Dec-15,1135.30,1135.30,1135.30,1135.30,0.08K,1.38%
15-Dec-15,1119.80,1119.80,1119.80,1119.80,0.22K,-0.14%
14-Dec-15,1121.40,1121.40,1121.40,1121.40,0.51K,-1.09%
11-Dec-15,1133.80,1133.80,1133.80,1133.80,0.41K,0.31%
10-Dec-15,1130.30,1130.30,1130.30,1130.30,0.23K,-0.41%
9-Dec-15,1134.90,1134.90,1134.90,1134.90,0.39K,0.08%
8-Dec-15,1134.00,1134.00,1134.00,1134.00,0.31K,-0.03%
7-Dec-15,1134.30,1134.30,1134.30,1134.30,0.66K,-0.78%
4-Dec-15,1143.20,1143.20,1143.20,1143.20,0.89K,2.02%
3-Dec-15,1120.60,1120.60,1120.60,1120.60,1.16K,0.74%
2-Dec-15,1112.40,1112.40,1112.40,1112.40,0.50K,-0.86%
1-Dec-15,1122.00,1122.00,1122.00,1122.00,3.44K,-0.17%
30-Nov-15,1123.90,1123.90,1123.90,1123.90,4.60K,0.84%
27-Nov-15,1114.50,1114.50,1114.50,1114.50,52.13K,4.08%
26-Nov-15,1070.80,1070.10,1074.20,1069.20,-,-5.10%
25-Nov-15,1128.40,1128.40,1128.40,1128.40,0.06K,-0.28%
24-Nov-15,1131.60,1131.60,1131.60,1131.60,0.22K,0.61%
23-Nov-15,1124.70,1124.70,1124.70,1124.70,0.06K,-0.80%
20-Nov-15,1133.80,1133.80,1133.80,1133.80,0.01K,-0.16%
19-Nov-15,1135.60,1135.20,1135.20,1135.20,0.00K,0.77%
18-Nov-15,1126.90,1126.90,1126.90,1126.90,0.01K,0.00%
17-Nov-15,1126.90,1131.00,1138.40,1131.00,0.01K,-1.37%
16-Nov-15,1142.50,1142.50,1142.50,1142.50,0.00K,0.11%
13-Nov-15,1141.30,1141.30,1141.30,1141.30,0.02K,0.00%
12-Nov-15,1141.30,1141.30,1141.30,1141.30,0.00K,-0.36%
11-Nov-15,1145.40,1145.40,1145.40,1145.40,0.00K,-0.35%
10-Nov-15,1149.40,1149.40,1149.40,1149.40,0.02K,0.02%
9-Nov-15,1149.20,1149.20,1149.20,1149.20,0.00K,0.11%
6-Nov-15,1147.90,1147.90,1147.90,1147.90,0.08K,-1.05%
5-Nov-15,1160.10,1160.10,1160.10,1160.10,0.08K,-0.09%
4-Nov-15,1161.20,1161.20,1161.20,1161.20,0.14K,-0.63%
3-Nov-15,1168.60,1168.60,1168.60,1168.60,0.19K,-1.83%
2-Nov-15,1190.40,1190.40,1190.40,1190.40,0.18K,-0.40%
30-Oct-15,1195.20,1195.20,1195.20,1195.20,0.25K,-0.55%
29-Oct-15,1201.80,1201.80,1201.80,1201.80,0.33K,-2.24%
28-Oct-15,1229.30,1229.30,1229.30,1229.30,0.00K,0.91%
27-Oct-15,1218.20,1218.20,1218.20,1218.20,0.30K,-0.17%
26-Oct-15,1220.30,1220.30,1220.30,1220.30,0.18K,0.13%
23-Oct-15,1218.70,1218.70,1218.70,1218.70,0.15K,-0.77%
22-Oct-15,1228.20,1228.20,1228.20,1228.20,0.05K,-0.12%
21-Oct-15,1229.70,1229.70,1229.70,1229.70,0.04K,-0.90%
20-Oct-15,1240.90,1240.90,1240.90,1240.90,0.02K,0.37%
19-Oct-15,1236.30,1236.30,1236.30,1236.30,0.06K,-0.83%
16-Oct-15,1246.60,1246.60,1246.60,1246.60,0.24K,-0.38%
15-Oct-15,1251.40,1251.40,1251.40,1251.40,0.14K,0.63%
14-Oct-15,1243.60,1243.60,1243.60,1243.60,0.14K,0.97%
13-Oct-15,1231.70,1231.70,1231.70,1231.70,0.13K,0.05%
12-Oct-15,1231.10,1231.10,1231.10,1231.10,0.04K,0.71%
9-Oct-15,1222.40,1222.40,1222.40,1222.40,0.02K,1.03%
8-Oct-15,1209.90,1209.90,1209.90,1209.90,0.14K,-0.34%
7-Oct-15,1214.00,1214.00,1214.00,1214.00,0.10K,0.22%
6-Oct-15,1211.30,1211.30,1211.30,1211.30,0.15K,0.65%
5-Oct-15,1203.50,1203.50,1203.50,1203.50,0.23K,-0.06%
2-Oct-15,1204.20,1204.20,1204.20,1204.20,0.32K,1.87%
1-Oct-15,1182.10,1182.10,1182.10,1182.10,1.18K,-0.13%
30-Sep-15,1183.60,1183.60,1183.60,1183.60,0.87K,-1.29%
29-Sep-15,1199.10,1199.10,1199.10,1199.10,2.42K,-0.44%
28-Sep-15,1204.40,1204.40,1204.40,1204.40,0.01K,-1.18%
25-Sep-15,1218.80,1218.80,1218.80,1218.80,0.06K,-0.66%
24-Sep-15,1226.90,1226.90,1226.90,1226.90,0.04K,1.71%
23-Sep-15,1206.30,1206.30,1206.30,1206.30,0.03K,0.56%
22-Sep-15,1199.60,1199.60,1199.60,1199.60,0.04K,-0.81%
21-Sep-15,1209.40,1209.40,1209.40,1209.40,0.00K,-0.39%
18-Sep-15,1214.10,1214.10,1214.10,1214.10,0.06K,1.61%
17-Sep-15,1194.90,1194.90,1194.90,1194.90,0.01K,-0.12%
16-Sep-15,1196.30,1188.40,1188.40,1188.40,0.00K,1.34%
15-Sep-15,1180.50,1180.50,1180.50,1180.50,0.01K,-0.44%
14-Sep-15,1185.70,1185.70,1185.70,1185.70,0.02K,0.32%
11-Sep-15,1181.90,1181.90,1181.90,1181.90,0.08K,-0.51%
10-Sep-15,1187.90,1187.90,1187.90,1187.90,0.06K,0.61%
9-Sep-15,1180.70,1180.70,1180.70,1180.70,0.25K,-1.60%
8-Sep-15,1199.90,1199.90,1199.90,1199.90,0.14K,7.14%
7-Sep-15,1119.90,1119.50,1124.00,1115.20,-,0.00%
6-Sep-15,1119.90,1122.30,1123.10,1119.60,-,-6.71%
4-Sep-15,1200.50,1200.50,1200.50,1200.50,0.05K,-0.25%
3-Sep-15,1203.50,1203.50,1203.50,1203.50,0.12K,-0.90%
2-Sep-15,1214.40,1214.40,1214.40,1214.40,0.20K,-0.56%
1-Sep-15,1221.30,1221.30,1221.30,1221.30,0.38K,0.36%
31-Aug-15,1216.90,1216.90,1216.90,1216.90,0.19K,-0.12%
28-Aug-15,1218.40,1218.40,1218.40,1218.40,0.28K,0.93%
27-Aug-15,1207.20,1207.20,1207.20,1207.20,0.13K,-0.15%
26-Aug-15,1209.00,1209.00,1209.00,1209.00,0.12K,-1.20%
25-Aug-15,1223.70,1223.70,1223.70,1223.70,0.22K,-1.23%
24-Aug-15,1238.90,1238.90,1238.90,1238.90,0.30K,-0.63%
21-Aug-15,1246.80,1246.80,1246.80,1246.80,0.26K,0.37%
20-Aug-15,1242.20,1242.20,1242.20,1242.20,0.41K,2.06%
19-Aug-15,1217.10,1217.10,1217.10,1217.10,0.35K,0.90%
18-Aug-15,1206.30,1206.30,1206.30,1206.30,0.48K,-0.13%
17-Aug-15,1207.90,1207.90,1207.90,1207.90,0.01K,0.47%
14-Aug-15,1202.30,1202.30,1202.30,1202.30,0.91K,-0.23%
13-Aug-15,1205.10,1205.10,1205.10,1205.10,0.44K,-0.65%
12-Aug-15,1213.00,1213.00,1213.00,1213.00,0.80K,1.28%
11-Aug-15,1197.70,1197.70,1197.70,1197.70,0.00K,0.16%
10-Aug-15,1195.80,1195.80,1195.80,1195.80,0.90K,0.84%
7-Aug-15,1185.80,1185.80,1185.80,1185.80,0.61K,0.36%
6-Aug-15,1181.60,1181.60,1181.60,1181.60,0.27K,0.38%
5-Aug-15,1177.10,1177.10,1177.10,1177.10,1.21K,-0.14%
4-Aug-15,1178.70,1178.70,1178.70,1178.70,1.14K,0.16%
3-Aug-15,1176.80,1176.80,1176.80,1176.80,2.42K,-0.53%
31-Jul-15,1183.10,1183.10,1183.10,1183.10,5.70K,-0.03%
30-Jul-15,1183.40,1183.40,1183.40,1183.40,49.30K,-0.35%
29-Jul-15,1187.50,1187.50,1187.50,1187.50,0.01K,-0.26%
28-Jul-15,1190.60,1190.60,1190.60,1190.60,0.03K,0.00%
27-Jul-15,1190.60,1190.60,1190.60,1190.60,0.02K,0.90%
24-Jul-15,1180.00,1180.00,1180.00,1180.00,0.05K,-0.85%
23-Jul-15,1190.10,1190.10,1190.10,1190.10,0.06K,0.21%
22-Jul-15,1187.60,1187.60,1187.60,1187.60,0.05K,-0.99%
21-Jul-15,1199.50,1199.50,1199.50,1199.50,0.12K,-0.50%
20-Jul-15,1205.50,1205.50,1205.50,1205.50,0.19K,-2.05%
17-Jul-15,1230.70,1230.70,1230.70,1230.70,0.12K,-1.01%
16-Jul-15,1243.20,1243.20,1243.20,1243.20,0.01K,-0.25%
15-Jul-15,1246.30,1246.30,1246.30,1246.30,0.02K,-0.49%
14-Jul-15,1252.40,1252.40,1252.40,1252.40,0.04K,-0.21%
13-Jul-15,1255.00,1255.00,1255.00,1255.00,0.01K,-0.13%
10-Jul-15,1256.60,1256.60,1256.60,1256.60,0.00K,0.12%
9-Jul-15,1255.10,1255.10,1255.10,1255.10,0.07K,-0.28%
8-Jul-15,1258.60,1258.60,1258.60,1258.60,0.07K,0.73%
7-Jul-15,1249.50,1249.50,1249.50,1249.50,0.47K,-1.66%
6-Jul-15,1270.60,1270.60,1270.60,1270.60,0.63K,8.80%
3-Jul-15,1167.80,1164.70,1169.00,1164.60,-,-7.43%
2-Jul-15,1261.50,1261.50,1261.50,1261.50,0.32K,-0.55%
1-Jul-15,1268.50,1268.50,1268.50,1268.00,0.00K,-0.18%
30-Jun-15,1270.80,1270.80,1270.80,1270.80,0.22K,-0.56%
29-Jun-15,1278.00,1278.00,1278.00,1278.00,0.17K,0.38%
26-Jun-15,1273.10,1273.10,1273.10,1270.00,0.03K,0.22%
25-Jun-15,1270.30,1270.30,1270.30,1270.30,0.10K,-0.06%
24-Jun-15,1271.00,1271.00,1271.00,1271.00,0.26K,-0.30%
23-Jun-15,1274.80,1274.80,1274.80,1274.80,0.06K,-0.57%
22-Jun-15,1282.10,1282.10,1282.10,1282.10,0.03K,-1.33%
19-Jun-15,1299.40,1299.40,1299.40,1296.00,0.14K,-0.11%
18-Jun-15,1300.80,1300.80,1300.80,1300.80,0.13K,1.87%
17-Jun-15,1276.90,1276.90,1276.90,1276.90,0.17K,-0.20%
16-Jun-15,1279.40,1279.40,1279.40,1279.40,0.03K,-0.50%
15-Jun-15,1285.80,1285.80,1285.80,1285.80,0.10K,0.37%
12-Jun-15,1281.00,1281.00,1281.00,1281.00,0.14K,-0.12%
11-Jun-15,1282.60,1282.60,1282.60,1282.60,0.07K,-0.47%
10-Jun-15,1288.60,1288.60,1288.60,1288.60,0.30K,0.92%
9-Jun-15,1276.80,1276.80,1276.80,1276.80,0.14K,0.38%
8-Jun-15,1272.00,1272.00,1272.00,1272.00,0.17K,0.43%
5-Jun-15,1266.60,1264.00,1266.80,1263.00,0.01K,-0.28%
4-Jun-15,1270.10,1270.10,1270.10,1268.50,0.45K,-0.77%
3-Jun-15,1279.90,1279.90,1279.90,1279.90,0.00K,-0.61%
2-Jun-15,1287.80,1287.80,1287.80,1287.80,1.00K,0.58%
1-Jun-15,1280.40,1280.40,1280.40,1280.40,1.24K,-0.02%
29-May-15,1280.70,1280.70,1280.70,1276.50,4.75K,0.02%
28-May-15,1280.50,1280.50,1280.50,1278.00,52.71K,0.15%
27-May-15,1278.60,1278.60,1278.60,1279.00,0.03K,-0.28%
26-May-15,1282.20,1288.90,1288.90,1280.00,0.00K,6.20%
25-May-15,1207.40,1204.60,1209.00,1203.30,-,0.25%
24-May-15,1204.40,1205.80,1205.80,1203.90,-,-7.33%
22-May-15,1299.70,1299.70,1299.70,1292.00,0.00K,0.12%
21-May-15,1298.10,1298.10,1298.10,1296.50,0.04K,-0.41%
20-May-15,1303.50,1303.50,1303.50,1303.50,0.01K,0.16%
19-May-15,1301.40,1317.50,1318.20,1317.50,0.00K,-1.50%
18-May-15,1321.20,1321.20,1321.20,1321.20,0.01K,0.17%
15-May-15,1318.90,1318.90,1318.90,1318.90,0.01K,-0.01%
14-May-15,1319.00,1319.00,1319.00,1319.00,0.04K,0.52%
13-May-15,1312.20,1312.20,1312.20,1312.20,0.03K,1.96%
12-May-15,1287.00,1287.00,1287.00,1287.00,0.01K,0.76%
11-May-15,1277.30,1277.30,1277.30,1277.30,0.03K,-0.41%
8-May-15,1282.50,1282.50,1282.50,1282.50,0.05K,0.31%
7-May-15,1278.50,1278.50,1278.50,1278.50,0.04K,-0.64%
6-May-15,1286.70,1286.70,1286.70,1286.70,0.01K,-0.12%
5-May-15,1288.20,1288.20,1288.20,1288.20,0.05K,0.72%
4-May-15,1279.00,1279.00,1279.00,1279.00,0.04K,1.02%
1-May-15,1266.10,1266.10,1266.10,1266.10,0.02K,-0.54%
30-Apr-15,1273.00,1273.00,1273.00,1273.00,0.14K,-2.08%
29-Apr-15,1300.00,1300.00,1300.00,1300.00,0.11K,-0.11%
28-Apr-15,1301.40,1301.40,1301.40,1301.40,0.01K,0.95%
27-Apr-15,1289.20,1289.20,1289.20,1289.20,0.19K,2.28%
